

                       S I N D A 



                      Copyright 1996 - 2025 ANSYS Inc. All Rights Reserved.
                      www.ansys.com/products/fluids/ansys-thermal-desktop




             P R E P R O C E S S O R  E X E C U T I O N

             VERSION ................... 2025 R2                                 
             MODIFICATION DATE ......... Aug 27 2025                             

                            SYSTEMS IMPROVED NUMERICAL DIFFERENCING ANALYZER WITH FLUID INTEGRATOR           PAGE     1

 MODEL = SINDA          
 OPTIONS DATA BLOCK

 CARD ORIGIN       12345678 1 2345678 2 2345678 3 2345678 4 2345678 5 2345678 6 2345678 7 2345678 8 CURRENT MODEL

   INPUT           HEADER OPTIONS                                                                       ROOT                            
   INPUT               OUTPUT = Basic.out                                                               ROOT                            
   INPUT               SAVE = Basic.sav                                                                 ROOT                            
   INPUT               MLINE = 100000 $ Limits headers output                                           ROOT                            
   INPUT           TITLE 3U.dwg - Basic                                                                 ROOT                            
   INPUT           C    SINDA Data generated with Thermal Desktop 25.2 SP2                              ROOT                            
   INPUT           C    Installed Sinda: Sinda 25.2 SP2                                                 ROOT                            
   INPUT           C    Generated on Mon Feb 23 19:33:50 2026                                           ROOT                            
   INPUT           C    From file: 3U.dwg                                                               ROOT                            
   INPUT           C    Case Set: Basic                                                                 ROOT                            
   INPUT           C    TDUNITS,   Energy     = J                                                       ROOT                            
   INPUT           C    TDUNITS,   Time       = s                                                       ROOT                            
   INPUT           C    TDUNITS,   Temp       = K                                                       ROOT                            
   INPUT           C    TDUNITS,   Mass       = kg                                                      ROOT                            
   INPUT           C    TDUNITS,   Length     = m                                                       ROOT                            
   INPUT           C    TDUNITS,   Orbit      = km                                                      ROOT                            
   INPUT           C    TDUNITS,   Pressure   = Pa                                                      ROOT                            
   INPUT           C    TDUNITS,   Force      = N                                                       ROOT                            
   INPUT           C    TDUNITS,   Angle      = Degrees                                                 ROOT                            
   INPUT           C    TDUNITS,   Volt       = volt                                                    ROOT                            
   INPUT           C    TDUNITS,   Current    = amp                                                     ROOT                            
   INPUT           C    DWG name:      3U.dwg                                                           ROOT                            
   INPUT           C    Thermophysical Property Database: ..\..\Documents\TdThermo.tdp                  ROOT                            
   INPUT           C    Optical Property Database:        ..\..\Documents\RcOptics.rco                  ROOT                            
   INPUT           C    Computer name: HSLLAB                                                           ROOT                            
   INPUT           C    Symbol Names, Evaluated values, Input Strings, Comments                         ROOT                            
   INPUT           C    beta_angle           0.            0                                            ROOT                            
   INPUT           C    hrBetaAngle          0.            0                                            ROOT                            
   INPUT           C    hrEccen              0.            0                                            ROOT                            
   INPUT           C    hrIllum              0.            0                                            ROOT                            
   INPUT           C    hrMeanAnom           324.          324                                          ROOT                            
   INPUT           C    hrPeriod             5676.98       5676.98              Always in current u     ROOT                            
   INPUT           C    hrPeriodSec          5676.98       5676.98                                      ROOT                            
   INPUT           C    hrPlanetX            -0.987688     -0.987688                                    ROOT                            
   INPUT           C    hrPlanetY            0.            0                                            ROOT                            
   INPUT           C    hrPlanetZ            -0.1564345    -1.564344650400e-01                          ROOT                            
   INPUT           C    hrPos                20.           20                                           ROOT                            
   INPUT           C    hrShadowEntry        111.9846      1.119845819092e+02                           ROOT                            
   INPUT           C    hrShadowExit         248.0154      2.480154180909e+02                           ROOT                            
   INPUT           C    hrSpeed              7.61261       7.61261                                      ROOT                            
   INPUT           C    hrSubSolarMeanAnom   6.113030e-12  6.11303e-12          -180 to 180             ROOT                            
   INPUT           C    hrSubSolarTrueAnom   6.113030e-12  6.11303e-12          -180 to 180             ROOT                            
   INPUT           C    hrSunX               0.707107      0.707107                                     ROOT                            
   INPUT           C    hrSunY               0.            0                                            ROOT                            
   INPUT           C    hrSunZ               0.707107      0.707107                                     ROOT                            
   INPUT           C    hrTime               5109.28       5109.28              Always in current u     ROOT                            
   INPUT           C    hrTimeSec            5109.28       5109.28                                      ROOT                            
   INPUT           C    hrTimeShadowEntry    1765.928      1.765927779927e+03                           ROOT                            
   INPUT           C    hrTimeShadowEntrySec 1765.928      1.765927779927e+03                           ROOT                            
   INPUT           C    hrTimeShadowExit     3911.05       3911.05                                      ROOT                            
   INPUT           C    hrTimeShadowExitSec  3911.05       3911.05                                      ROOT                            
   INPUT           C    hrTrueAnom           324.          324                                          ROOT                            
   INPUT           C    hrVelocityX          -0.1564345    -1.564344650400e-01                          ROOT                            
   INPUT           C    hrVelocityY          0.            0                                            ROOT                            
   INPUT           C    hrVelocityZ          0.987688      0.987688                                     ROOT                            
   INPUT           C                                                                                    ROOT                            

                            SYSTEMS IMPROVED NUMERICAL DIFFERENCING ANALYZER WITH FLUID INTEGRATOR           PAGE     2

 MODEL = SINDA                                                                     3U.dwg - Basic
 MODEL NAME CHECK

 CARD ORIGIN       12345678 1 2345678 2 2345678 3 2345678 4 2345678 5 2345678 6 2345678 7 2345678 8 CURRENT MODEL


  LIST OF HEADER CARDS IN NODE DATA - CHECKING MODEL NAMES AGAINST BUILD CARDS

HEADER NODE DATA, MAIN
HEADER NODE DATA, SPACE
HEADER NODE DATA, C1A1

                            SYSTEMS IMPROVED NUMERICAL DIFFERENCING ANALYZER WITH FLUID INTEGRATOR           PAGE     3

 MODEL = SINDA                                                                     3U.dwg - Basic
 MODEL NAME CHECK

 SUMMARY OF REGISTER VALUES ---------------------- 

 TD_THERMAL_TIME_STEP             =    0.0000    

                            SYSTEMS IMPROVED NUMERICAL DIFFERENCING ANALYZER WITH FLUID INTEGRATOR           PAGE     4

 MODEL = SINDA                                                                     3U.dwg - Basic
 CONSTANTS DATA BLOCK

 CARD ORIGIN       12345678 1 2345678 2 2345678 3 2345678 4 2345678 5 2345678 6 2345678 7 2345678 8 CURRENT MODEL

   INPUT           HEADER CONTROL DATA, GLOBAL                                                          GLOBAL                          
   INPUT               ABSZRO = 0.                                                                      GLOBAL                          
   INPUT               SIGMA  = 5.670400E-08                                                            GLOBAL                          
   INPUT               NLOOPS  = 1000                                                                   GLOBAL                          
   INPUT               NLOOPT  = 100                                                                    GLOBAL                          
   INPUT               TIMEO  = 0.                                                                      GLOBAL                          
   INPUT               TIMEND  = 5676.98                                                                GLOBAL                          
   INPUT               DTIMES  = 0.                                                                     GLOBAL                          
   INPUT               PATMOS  = 0.                                                                     GLOBAL                          
   INPUT               ARLXCA  = 0.001                                                                  GLOBAL                          
   INPUT               DRLXCA  = 0.001                                                                  GLOBAL                          
   INPUT               EXTLIM  = 0.5                                                                    GLOBAL                          
   INPUT               MATMET = 2 $ AUTODETERMINE SINGLE MATRIX                                         GLOBAL                          
   INPUT               ITERXT = 3                                                                       GLOBAL                          
   INPUT               EBALSA  = 0.01                                                                   GLOBAL                          
   INPUT               EBALNA  = 0.                                                                     GLOBAL                          
   INPUT               ITEROT  = (LOOPCT >= NLOOPS - 2 && LOOPCT != NLOOPS) ? 1 : 0                     GLOBAL                          
   INPUT               ITHOLD  = 0                                                                      GLOBAL                          
   INPUT               OUTPUT  = 0.                                                                     GLOBAL                          
   INPUT               ATMPCA  = 1.000000E+30                                                           GLOBAL                          
   INPUT               DTMPCA  = 50.                                                                    GLOBAL                          
   INPUT               DTIMEI  = 0.                                                                     GLOBAL                          
   INPUT               DTIMEL  = 0.                                                                     GLOBAL                          
   INPUT               DTIMEH  = 1.000000E+30                                                           GLOBAL                          
   INPUT               CSGFAC  = 1.                                                                     GLOBAL                          
   INPUT               OPEITR  = 0                                                                      GLOBAL                          
   INPUT               DTSIZF  = 0.1                                                                    GLOBAL                          
   INPUT               DTTUBF  = 0.1                                                                    GLOBAL                          
   INPUT               DTMAXF  = 1.000000E+30                                                           GLOBAL                          
   INPUT               DTMINF  = 0.                                                                     GLOBAL                          
   INPUT               OUTPTF = 0.                                                                      GLOBAL                          
   INPUT               OPITRF  = 0                                                                      GLOBAL                          
   INPUT               RERRF  = 0.01                                                                    GLOBAL                          
   INPUT               REBALF  = 0.01                                                                   GLOBAL                          
   INPUT               ITHLDF  = 0                                                                      GLOBAL                          
   INPUT               ITROTF  = (LOOPCT >= NLOOPS - 2 && LOOPCT != NLOOPS) ? 1 : 0                     GLOBAL                          
   INPUT               RSSIZF  = 0.5                                                                    GLOBAL                          
   INPUT               RSTUBF  = 0.5                                                                    GLOBAL                          
   INPUT               RSMAXF  = 3600.                                                                  GLOBAL                          
   INPUT               FBEBALA  = 0.1                                                                   GLOBAL                          
   INPUT               SPARSEG  = 0.0001                                                                GLOBAL                          
   INPUT               FRAVER  = 0.                                                                     GLOBAL                          
   INPUT               RMSPLT  = 0.1                                                                    GLOBAL                          
   INPUT               RMFRAC  = 0.5                                                                    GLOBAL                          
   INPUT               RMRATE  = 0.1                                                                    GLOBAL                          
   INPUT               UID =    SI                                                                      GLOBAL                          

                            SYSTEMS IMPROVED NUMERICAL DIFFERENCING ANALYZER WITH FLUID INTEGRATOR           PAGE     5

 MODEL = SINDA                                                                     3U.dwg - Basic
 ARRAY DATA BLOCK

 CARD ORIGIN       12345678 1 2345678 2 2345678 3 2345678 4 2345678 5 2345678 6 2345678 7 2345678 8 CURRENT MODEL

   INPUT           HEADER ARRAY DATA, C1A1                                                              C1A1                            
   INPUT           PSTOP                                                                                C1A1                            
   INPUT           PSTART                                                                               C1A1                            

                            SYSTEMS IMPROVED NUMERICAL DIFFERENCING ANALYZER WITH FLUID INTEGRATOR           PAGE     6

 MODEL = SINDA                                                                     3U.dwg - Basic
 CHARACTER ARRAY DATA BLOCK

 CARD ORIGIN       12345678 1 2345678 2 2345678 3 2345678 4 2345678 5 2345678 6 2345678 7 2345678 8 CURRENT MODEL

   INPUT           HEADER CARRAY DATA, C1A1                                                             C1A1                            
   INPUT            1 = MAIN, 1, 2, 3, 4, 5, 6, 7, 8, 9, 10, 11, 12, 13, 15, 16, 17, 18, 19, 20         C1A1                            
   INPUT            2 =  21, 22, 23, 24, 25, 26, 27, 28, 29, 30, 31, 32, 49, 50, 51, 52, 53, 54         C1A1                            
   INPUT            3 =  55, 56, 57, 58, 59, 60, 61, 62, 63, 64, 65, 66, 67, 68, 69, 71, 72, 73         C1A1                            
   INPUT            4 =  74, 76, 77, 78, 79, 81, 82, 83, 84, 86, 87, 88, 89, 92, 93, 94, 97, 98         C1A1                            
   INPUT            5 =  99, 102, 103, 104, 105, 106, 107, 108, 109, 112, 113, 114, 117, 118, 119       C1A1                            
   INPUT            6 =  122, 123, 124, 127, 128, 129, 132, 133, 134, 137, 138, 139, 142, 143, 144      C1A1                            
   INPUT            7 =  147, 148, 149, 152, 153, 154, 157, 158, 159, 160, 161, 162, 163, 164, 167      C1A1                            
   INPUT            8 =  168, 169, 172, 173, 174, 177, 178, 214, 215, 216, 217, 218, 264, 265, 266      C1A1                            
   INPUT            9 =  267, 268, 269, 270, 271, 272, 273, 274, 275, 276, 277, 278, 279, 280, 281      C1A1                            
   INPUT            10 =  282, 283, 284, 285, 286, 287, 288, 289, 291, 292, 293, 294, 295, 296, 297     C1A1                            
   INPUT            11 =  298, 299, 300, 301, 302, 303, 304, 305, 306, 307, 308, 309, 310, 311, 312     C1A1                            
   INPUT            12 =  313, 314, 315, 319, 320, 321, 322, 323, 324, 325, 326, 327, 328, 329, 330     C1A1                            
   INPUT            13 =  331, 332, 333, 334, 335, 336, 337, 338, 339, 340, 341, 342, 343, 344, 345     C1A1                            
   INPUT            14 =  346, 347, 348, 349, 350, 351, 352, 353, 354, 355, 356, 357, 358, 359, 360     C1A1                            
   INPUT            15 =  361, 362, 363, 364, 365, 366, 367, 368, 369, 370, 371, 372, 373, 374, 375     C1A1                            
   INPUT            16 =  376, 377, 378, 379, 380, 381, 382, 383, 384, 385, 386, 387                    C1A1                            
   INPUT           C INSERT C1A1.hrl                                                                    C1A1                            
   INPUT           HEADER SOLVER                                                                        GLOBAL                          
   INPUT               ADERO  = 0.0001                                                                  GLOBAL                          
   INPUT               RDERO  = 0.02                                                                    GLOBAL                          
   INPUT               AERRO  = 0.0001                                                                  GLOBAL                          
   INPUT               RERRO  = 0.01                                                                    GLOBAL                          
   INPUT               PUSHO  = 1.                                                                      GLOBAL                          
   INPUT               RCACTO  = 0.1                                                                    GLOBAL                          
   INPUT               RCERRO  = 0.003                                                                  GLOBAL                          
   INPUT               ACHGO  = 0.1                                                                     GLOBAL                          
   INPUT               RCHGO  = 0.9                                                                     GLOBAL                          
   INPUT               RCVIO  = 0.2                                                                     GLOBAL                          
   INPUT               METHO  = 2                                                                       GLOBAL                          
   INPUT               NLOOPO  = 100                                                                    GLOBAL                          
   INPUT               MDERO  = 0                                                                       GLOBAL                          
   INPUT               NCONVO  = 2                                                                      GLOBAL                          
   INPUT               NERVUS  = 0                                                                      GLOBAL                          
   INPUT               NEWPRO  = 0                                                                      GLOBAL                          
   INPUT               NLOOPR  = 100                                                                    GLOBAL                          
   INPUT               ADERR  = 0.01                                                                    GLOBAL                          
   INPUT               RERRR  = 0.001                                                                   GLOBAL                          
   INPUT               AERRR  = 1.000000E-05                                                            GLOBAL                          
   INPUT               RDERR  = 0.02                                                                    GLOBAL                          
   INPUT           C INSERT Basic.cc                                                                    GLOBAL                          

                            SYSTEMS IMPROVED NUMERICAL DIFFERENCING ANALYZER WITH FLUID INTEGRATOR           PAGE     7

 MODEL = SINDA                                                                     3U.dwg - Basic
 NODE DATA BLOCK

 CARD ORIGIN       12345678 1 2345678 2 2345678 3 2345678 4 2345678 5 2345678 6 2345678 7 2345678 8 CURRENT MODEL

   INPUT           HEADER NODE DATA, MAIN                                                               MAIN                            
   INPUT                       1,    293.15,    2.981868                                                MAIN                            
   INPUT                       2,    293.15,    2.981868                                                MAIN                            
   INPUT                       3,    293.15,    2.981868                                                MAIN                            
   INPUT                       4,    293.15,    2.981868                                                MAIN                            
   INPUT                       5,    293.15,    8.945604                                                MAIN                            
   INPUT                       6,    293.15,    8.945604                                                MAIN                            
   INPUT                       7,    293.15,    8.945604                                                MAIN                            
   INPUT                       8,    293.15,    8.945604                                                MAIN                            
   INPUT                       9,    293.15,    4.690625                                                MAIN                            
   INPUT                       10,    293.15,    9.381251                                               MAIN                            
   INPUT                       11,    293.15,    18.7625                                                MAIN                            
   INPUT                       12,    293.15,    9.381251                                               MAIN                            
   INPUT                       13,    293.15,    18.7625                                                MAIN                            
   INPUT                       14,    293.15,    37.525                                                 MAIN                            
   INPUT                       15,    293.15,    18.7625                                                MAIN                            
   INPUT                       16,    293.15,    9.381251                                               MAIN                            
   INPUT                       17,    293.15,    18.7625                                                MAIN                            
   INPUT                       18,    293.15,    9.381251                                               MAIN                            
   INPUT                       19,    293.15,    4.690625                                               MAIN                            
   INPUT                       20,    293.15,    9.381251                                               MAIN                            
   INPUT                       21,    293.15,    4.690625                                               MAIN                            
   INPUT                       22,    293.15,    9.381251                                               MAIN                            
   INPUT                       23,    293.15,    18.7625                                                MAIN                            
   INPUT                       24,    293.15,    9.381251                                               MAIN                            
   INPUT                       25,    293.15,    4.690625                                               MAIN                            
   INPUT                       26,    293.15,    9.381251                                               MAIN                            
   INPUT                       27,    293.15,    4.690625                                               MAIN                            
   INPUT                       28,    293.15,    9.8064                                                 MAIN                            
   INPUT                       29,    293.15,    9.8064                                                 MAIN                            
   INPUT                       30,    293.15,    9.8064                                                 MAIN                            
   INPUT                       31,    293.15,    9.8064                                                 MAIN                            
   INPUT                       32,    293.15,    4.9032                                                 MAIN                            
   INPUT                       49,    293.15,    4.9032                                                 MAIN                            
   INPUT                       50,    293.15,    7.56                                                   MAIN                            
   INPUT                       51,    293.15,    7.56                                                   MAIN                            
   INPUT                       52,    293.15,    4.9032                                                 MAIN                            
   INPUT                       53,    293.15,    4.9032                                                 MAIN                            
   INPUT                       54,    293.15,    19.6128                                                MAIN                            
   INPUT                       55,    293.15,    7.56                                                   MAIN                            
   INPUT                       56,    293.15,    7.56                                                   MAIN                            
   INPUT                       57,    293.15,    19.6128                                                MAIN                            
   INPUT                       58,    293.15,    19.6128                                                MAIN                            
   INPUT                       59,    293.15,    19.6128                                                MAIN                            
   INPUT                       60,    293.15,    7.56                                                   MAIN                            
   INPUT                       61,    293.15,    7.56                                                   MAIN                            
   INPUT                       62,    293.15,    19.6128                                                MAIN                            
   INPUT                       63,    293.15,    19.6128                                                MAIN                            
   INPUT                       64,    293.15,    9.8064                                                 MAIN                            
   INPUT                       65,    293.15,    7.56                                                   MAIN                            
   INPUT                       66,    293.15,    7.56                                                   MAIN                            
   INPUT                       67,    293.15,    7.56                                                   MAIN                            
   INPUT                       68,    293.15,    7.56                                                   MAIN                            
   INPUT                       69,    293.15,    7.56                                                   MAIN                            
   INPUT                       71,    293.15,    7.56                                                   MAIN                            
   INPUT                       72,    293.15,    9.8064                                                 MAIN                            
   INPUT                       73,    293.15,    19.6128                                                MAIN                            
   INPUT                       74,    293.15,    19.6128                                                MAIN                            
   INPUT                       76,    293.15,    7.56                                                   MAIN                            
   INPUT                       77,    293.15,    19.6128                                                MAIN                            
   INPUT                       78,    293.15,    19.6128                                                MAIN                            
   INPUT                       79,    293.15,    19.6128                                                MAIN                            
   INPUT                       81,    293.15,    7.56                                                   MAIN                            
   INPUT                       82,    293.15,    19.6128                                                MAIN                            
   INPUT                       83,    293.15,    19.6128                                                MAIN                            
   INPUT                       84,    293.15,    9.8064                                                 MAIN                            
   INPUT                       86,    293.15,    7.56                                                   MAIN                            
   INPUT                       87,    293.15,    9.8064                                                 MAIN                            
   INPUT                       88,    293.15,    9.8064                                                 MAIN                            
   INPUT                       89,    293.15,    9.8064                                                 MAIN                            
   INPUT                       92,    293.15,    9.8064                                                 MAIN                            
   INPUT                       93,    293.15,    9.8064                                                 MAIN                            
   INPUT                       94,    293.15,    19.6128                                                MAIN                            
   INPUT                       97,    293.15,    19.6128                                                MAIN                            
   INPUT                       98,    293.15,    19.6128                                                MAIN                            
   INPUT                       99,    293.15,    19.6128                                                MAIN                            
   INPUT                       102,    293.15,    19.6128                                               MAIN                            
   INPUT                       103,    293.15,    19.6128                                               MAIN                            
   INPUT                       104,    293.15,    9.8064                                                MAIN                            
   INPUT                       105,    293.15,    7.56                                                  MAIN                            
   INPUT                       106,    293.15,    7.56                                                  MAIN                            
   INPUT                       107,    293.15,    9.8064                                                MAIN                            
   INPUT                       108,    293.15,    9.8064                                                MAIN                            
   INPUT                       109,    293.15,    9.8064                                                MAIN                            
   INPUT                       112,    293.15,    9.8064                                                MAIN                            
   INPUT                       113,    293.15,    19.6128                                               MAIN                            
   INPUT                       114,    293.15,    9.8064                                                MAIN                            
   INPUT                       117,    293.15,    9.8064                                                MAIN                            
   INPUT                       118,    293.15,    19.6128                                               MAIN                            
   INPUT                       119,    293.15,    19.6128                                               MAIN                            
   INPUT                       122,    293.15,    19.6128                                               MAIN                            
   INPUT                       123,    293.15,    19.6128                                               MAIN                            
   INPUT                       124,    293.15,    19.6128                                               MAIN                            
   INPUT                       127,    293.15,    19.6128                                               MAIN                            
   INPUT                       128,    293.15,    19.6128                                               MAIN                            
   INPUT                       129,    293.15,    9.8064                                                MAIN                            
   INPUT                       132,    293.15,    9.8064                                                MAIN                            
   INPUT                       133,    293.15,    9.8064                                                MAIN                            
   INPUT                       134,    293.15,    9.8064                                                MAIN                            
   INPUT                       137,    293.15,    9.8064                                                MAIN                            
   INPUT                       138,    293.15,    4.9032                                                MAIN                            
   INPUT                       139,    293.15,    19.6128                                               MAIN                            
   INPUT                       142,    293.15,    19.6128                                               MAIN                            
   INPUT                       143,    293.15,    9.8064                                                MAIN                            
   INPUT                       144,    293.15,    19.6128                                               MAIN                            
   INPUT                       147,    293.15,    19.6128                                               MAIN                            
   INPUT                       148,    293.15,    9.8064                                                MAIN                            
   INPUT                       149,    293.15,    9.8064                                                MAIN                            
   INPUT                       152,    293.15,    9.8064                                                MAIN                            
   INPUT                       153,    293.15,    9.8064                                                MAIN                            
   INPUT                       154,    293.15,    4.9032                                                MAIN                            
   INPUT                       157,    293.15,    4.9032                                                MAIN                            
   INPUT                       158,    293.15,    9.8064                                                MAIN                            
   INPUT                       159,    293.15,    9.8064                                                MAIN                            
   INPUT                       160,    293.15,    7.56                                                  MAIN                            
   INPUT                       161,    293.15,    7.56                                                  MAIN                            
   INPUT                       162,    293.15,    9.8064                                                MAIN                            
   INPUT                       163,    293.15,    9.8064                                                MAIN                            
   INPUT                       164,    293.15,    9.8064                                                MAIN                            
   INPUT                       167,    293.15,    9.8064                                                MAIN                            
   INPUT                       168,    293.15,    9.8064                                                MAIN                            
   INPUT                       169,    293.15,    9.8064                                                MAIN                            
   INPUT                       172,    293.15,    9.8064                                                MAIN                            
   INPUT                       173,    293.15,    9.8064                                                MAIN                            
   INPUT                       174,    293.15,    4.9032                                                MAIN                            
   INPUT                       177,    293.15,    4.9032                                                MAIN                            
   INPUT                       178,    293.15,    4.9032                                                MAIN                            
   INPUT                       214,    293.15,    4.9032                                                MAIN                            
   INPUT                       215,    293.15,    7.56                                                  MAIN                            
   INPUT                       216,    293.15,    7.56                                                  MAIN                            
   INPUT                       217,    293.15,    4.9032                                                MAIN                            
   INPUT                       218,    293.15,    9.8064                                                MAIN                            
   INPUT                       264,    293.15,    9.8064                                                MAIN                            
   INPUT                       265,    293.15,    7.56                                                  MAIN                            
   INPUT                       266,    293.15,    7.56                                                  MAIN                            
   INPUT                       267,    293.15,    9.8064                                                MAIN                            
   INPUT                       268,    293.15,    9.8064                                                MAIN                            
   INPUT                       269,    293.15,    19.6128                                               MAIN                            
   INPUT                       270,    293.15,    7.56                                                  MAIN                            
   INPUT                       271,    293.15,    7.56                                                  MAIN                            
   INPUT                       272,    293.15,    19.6128                                               MAIN                            
   INPUT                       273,    293.15,    9.8064                                                MAIN                            
   INPUT                       274,    293.15,    19.6128                                               MAIN                            
   INPUT                       275,    293.15,    7.56                                                  MAIN                            
   INPUT                       276,    293.15,    7.56                                                  MAIN                            
   INPUT                       277,    293.15,    19.6128                                               MAIN                            
   INPUT                       278,    293.15,    9.8064                                                MAIN                            
   INPUT                       279,    293.15,    9.8064                                                MAIN                            
   INPUT                       280,    293.15,    7.56                                                  MAIN                            
   INPUT                       281,    293.15,    7.56                                                  MAIN                            
   INPUT                       282,    293.15,    9.8064                                                MAIN                            
   INPUT                       283,    293.15,    4.9032                                                MAIN                            
   INPUT                       284,    293.15,    9.8064                                                MAIN                            
   INPUT                       285,    293.15,    7.56                                                  MAIN                            
   INPUT                       286,    293.15,    7.56                                                  MAIN                            
   INPUT                       287,    293.15,    9.8064                                                MAIN                            
   INPUT                       288,    293.15,    9.8064                                                MAIN                            
   INPUT                       289,    293.15,    4.9032                                                MAIN                            
   INPUT                       291,    293.15,    19.6128                                               MAIN                            
   INPUT                       292,    293.15,    19.6128                                               MAIN                            
   INPUT                       293,    293.15,    19.6128                                               MAIN                            
   INPUT                       294,    293.15,    19.6128                                               MAIN                            
   INPUT                       295,    293.15,    19.6128                                               MAIN                            
   INPUT                       296,    293.15,    19.6128                                               MAIN                            
   INPUT                       297,    293.15,    9.8064                                                MAIN                            
   INPUT                       298,    293.15,    9.8064                                                MAIN                            
   INPUT                       299,    293.15,    19.6128                                               MAIN                            
   INPUT                       300,    293.15,    19.6128                                               MAIN                            
   INPUT                       301,    293.15,    9.8064                                                MAIN                            
   INPUT                       302,    293.15,    19.6128                                               MAIN                            
   INPUT                       303,    293.15,    19.6128                                               MAIN                            
   INPUT                       304,    293.15,    19.6128                                               MAIN                            
   INPUT                       305,    293.15,    19.6128                                               MAIN                            
   INPUT                       306,    293.15,    9.8064                                                MAIN                            
   INPUT                       307,    293.15,    4.9032                                                MAIN                            
   INPUT                       308,    293.15,    9.8064                                                MAIN                            
   INPUT                       309,    293.15,    9.8064                                                MAIN                            
   INPUT                       310,    293.15,    9.8064                                                MAIN                            
   INPUT                       311,    293.15,    9.8064                                                MAIN                            
   INPUT                       312,    293.15,    9.8064                                                MAIN                            
   INPUT                       313,    293.15,    4.9032                                                MAIN                            
   INPUT                       314,    293.15,    9.8064                                                MAIN                            
   INPUT                       315,    293.15,    12.75185                                              MAIN                            
   INPUT                       319,    293.15,    12.75185                                              MAIN                            
   INPUT                       320,    293.15,    12.75185                                              MAIN                            
   INPUT                       321,    293.15,    12.75185                                              MAIN                            
   INPUT                       322,    293.15,    12.75185                                              MAIN                            
   INPUT                       323,    293.15,    12.75185                                              MAIN                            
   INPUT                       324,    293.15,    12.75185                                              MAIN                            
   INPUT                       325,    293.15,    12.75185                                              MAIN                            
   INPUT                       326,    293.15,    7.56                                                  MAIN                            
   INPUT                       327,    293.15,    9.8064                                                MAIN                            
   INPUT                       328,    293.15,    19.6128                                               MAIN                            
   INPUT                       329,    293.15,    9.8064                                                MAIN                            
   INPUT                       330,    293.15,    12.75185                                              MAIN                            
   INPUT                       331,    293.15,    1.785907                                              MAIN                            
   INPUT                       332,    293.15,    1.785907                                              MAIN                            
   INPUT                       333,    293.15,    1.785907                                              MAIN                            
   INPUT                       334,    293.15,    1.785907                                              MAIN                            
   INPUT                       335,    293.15,    1.785907                                              MAIN                            
   INPUT                       336,    293.15,    1.785907                                              MAIN                            
   INPUT                       337,    293.15,    1.785907                                              MAIN                            
   INPUT                       338,    293.15,    1.785907                                              MAIN                            
   INPUT                       339,    293.15,    12.75185                                              MAIN                            
   INPUT                       340,    293.15,    1.785907                                              MAIN                            
   INPUT                       341,    293.15,    12.75185                                              MAIN                            
   INPUT                       342,    293.15,    1.785907                                              MAIN                            
   INPUT                       343,    293.15,    12.75185                                              MAIN                            
   INPUT                       344,    293.15,    1.785907                                              MAIN                            
   INPUT                       345,    293.15,    12.75185                                              MAIN                            
   INPUT                       346,    293.15,    1.785907                                              MAIN                            
   INPUT                       347,    293.15,    12.75185                                              MAIN                            
   INPUT                       348,    293.15,    1.785907                                              MAIN                            
   INPUT                       349,    293.15,    12.75185                                              MAIN                            
   INPUT                       350,    293.15,    1.785907                                              MAIN                            
   INPUT                       351,    293.15,    12.75185                                              MAIN                            
   INPUT                       352,    293.15,    1.785907                                              MAIN                            
   INPUT                       353,    293.15,    1.785907                                              MAIN                            
   INPUT                       354,    293.15,    1.785907                                              MAIN                            
   INPUT                       355,    293.15,    1.785907                                              MAIN                            
   INPUT                       356,    293.15,    1.785907                                              MAIN                            
   INPUT                       357,    293.15,    1.785907                                              MAIN                            
   INPUT                       358,    293.15,    1.785907                                              MAIN                            
   INPUT                       359,    293.15,    1.785907                                              MAIN                            
   INPUT                       360,    293.15,    1.785907                                              MAIN                            
   INPUT                       361,    293.15,    1.785907                                              MAIN                            
   INPUT                       362,    293.15,    1.785907                                              MAIN                            
   INPUT                       363,    293.15,    9.8064                                                MAIN                            
   INPUT                       364,    293.15,    9.8064                                                MAIN                            
   INPUT                       365,    293.15,    1.785907                                              MAIN                            
   INPUT                       366,    293.15,    1.785907                                              MAIN                            
   INPUT                       367,    293.15,    1.785907                                              MAIN                            
   INPUT                       368,    293.15,    1.785907                                              MAIN                            
   INPUT                       369,    293.15,    1.785907                                              MAIN                            
   INPUT                       370,    293.15,    1.785907                                              MAIN                            
   INPUT                       371,    293.15,    1.785907                                              MAIN                            
   INPUT                       372,    293.15,    4.690625                                              MAIN                            
   INPUT                       373,    293.15,    2.981868                                              MAIN                            
   INPUT                       374,    293.15,    9.381251                                              MAIN                            
   INPUT                       375,    293.15,    2.981868                                              MAIN                            
   INPUT                       376,    293.15,    4.690625                                              MAIN                            
   INPUT                       377,    293.15,    2.981868                                              MAIN                            
   INPUT                       378,    293.15,    9.381251                                              MAIN                            
   INPUT                       379,    293.15,    2.981868                                              MAIN                            
   INPUT                       380,    293.15,    18.7625                                               MAIN                            
   INPUT                       381,    293.15,    8.945604                                              MAIN                            
   INPUT                       382,    293.15,    9.381251                                              MAIN                            
   INPUT                       383,    293.15,    8.945604                                              MAIN                            
   INPUT                       384,    293.15,    4.690625                                              MAIN                            
   INPUT                       385,    293.15,    8.945604                                              MAIN                            
   INPUT                       386,    293.15,    9.381251                                              MAIN                            
   INPUT                       387,    293.15,    8.945604                                              MAIN                            
   INPUT           HEADER NODE DATA, SPACE                                                              SPACE                           
   INPUT                       -1,    2.73,    -1.0                                                     SPACE                           
   INPUT           HEADER NODE DATA, C1A1                                                               C1A1                            
   INPUT           HEADER NODE DATA,C1A0                                                                C1A0                            

                            SYSTEMS IMPROVED NUMERICAL DIFFERENCING ANALYZER WITH FLUID INTEGRATOR           PAGE     8

 MODEL = SINDA                                                                     3U.dwg - Basic
 CONDUCTOR DATA BLOCK

 CARD ORIGIN       12345678 1 2345678 2 2345678 3 2345678 4 2345678 5 2345678 6 2345678 7 2345678 8 CURRENT MODEL

   INPUT           HEADER CONDUCTOR DATA, MAIN                                                          MAIN                            
   INPUT                       1,    MAIN.1,    MAIN.2,    0.6591561                                    MAIN                            
   INPUT                       2,    MAIN.1,    MAIN.4,    0.6591561                                    MAIN                            
   INPUT                       3,    MAIN.1,    MAIN.5,    0.7402077                                    MAIN                            
   INPUT           C Contact - Face Contactor-+Z Surface to +Z Patch Antenna [MAIN][0]::EC7             MAIN                            
   INPUT           C Contact - Face Contactor-+Z Patch Antenna to +Z Face[MAIN][0]::ECA                 MAIN                            
   INPUT                       4,    MAIN.1,    MAIN.61,    0.0007976078                                MAIN                            
   INPUT                       5,    MAIN.2,    MAIN.3,    0.6591561                                    MAIN                            
   INPUT                       6,    MAIN.2,    MAIN.6,    0.7402077                                    MAIN                            
   INPUT           C Contact - Face Contactor-+Z Surface to +Z Patch Antenna [MAIN][0]::EC7             MAIN                            
   INPUT           C Contact - Face Contactor-+Z Patch Antenna to +Z Face[MAIN][0]::ECA                 MAIN                            
   INPUT                       7,    MAIN.2,    MAIN.56,    0.0007976078                                MAIN                            
   INPUT                       8,    MAIN.3,    MAIN.4,    0.6591561                                    MAIN                            
   INPUT                       9,    MAIN.3,    MAIN.7,    0.7402077                                    MAIN                            
   INPUT           C Contact - Face Contactor-+Z Surface to +Z Patch Antenna [MAIN][0]::EC7             MAIN                            
   INPUT           C Contact - Face Contactor-+Z Patch Antenna to +Z Face[MAIN][0]::ECA                 MAIN                            
   INPUT                       10,    MAIN.3,    MAIN.271,    0.0007976078                              MAIN                            
   INPUT                       11,    MAIN.4,    MAIN.8,    0.7402077                                   MAIN                            
   INPUT           C Contact - Face Contactor-+Z Surface to +Z Patch Antenna [MAIN][0]::EC7             MAIN                            
   INPUT           C Contact - Face Contactor-+Z Patch Antenna to +Z Face[MAIN][0]::ECA                 MAIN                            
   INPUT                       12,    MAIN.4,    MAIN.276,    0.0007976078                              MAIN                            
   INPUT                       13,    MAIN.5,    MAIN.6,    0.2197187                                   MAIN                            
   INPUT                       14,    MAIN.5,    MAIN.8,    0.2197187                                   MAIN                            
   INPUT           C Contact - Face Contactor-+Z Surface to +Z Patch Antenna [MAIN][0]::EC7             MAIN                            
   INPUT           C Contact - Face Contactor-+Z Patch Antenna to +Z Face[MAIN][0]::ECA                 MAIN                            
   INPUT                       15,    MAIN.5,    MAIN.61,    0.0004476604                               MAIN                            
   INPUT                       16,    MAIN.5,    MAIN.66,    0.001065947                                MAIN                            
   INPUT                       17,    MAIN.5,    MAIN.81,    0.001065947                                MAIN                            
   INPUT                       18,    MAIN.5,    MAIN.86,    0.0007132689                               MAIN                            
   INPUT                       19,    MAIN.6,    MAIN.7,    0.2197187                                   MAIN                            
   INPUT           C Contact - Face Contactor-+Z Surface to +Z Patch Antenna [MAIN][0]::EC7             MAIN                            
   INPUT           C Contact - Face Contactor-+Z Patch Antenna to +Z Face[MAIN][0]::ECA                 MAIN                            
   INPUT                       20,    MAIN.6,    MAIN.56,    0.0004476604                               MAIN                            
   INPUT                       21,    MAIN.6,    MAIN.71,    0.0007132689                               MAIN                            
   INPUT                       22,    MAIN.6,    MAIN.76,    0.001065947                                MAIN                            
   INPUT                       23,    MAIN.6,    MAIN.286,    0.001065947                               MAIN                            
   INPUT                       24,    MAIN.7,    MAIN.8,    0.2197187                                   MAIN                            
   INPUT           C Contact - Face Contactor-+Z Surface to +Z Patch Antenna [MAIN][0]::EC7             MAIN                            
   INPUT           C Contact - Face Contactor-+Z Patch Antenna to +Z Face[MAIN][0]::ECA                 MAIN                            
   INPUT                       25,    MAIN.7,    MAIN.51,    0.0007132689                               MAIN                            
   INPUT                       26,    MAIN.7,    MAIN.106,    0.001065947                               MAIN                            
   INPUT                       27,    MAIN.7,    MAIN.266,    0.001065947                               MAIN                            
   INPUT                       28,    MAIN.7,    MAIN.271,    0.0004476604                              MAIN                            
   INPUT                       29,    MAIN.8,    MAIN.161,    0.001065947                               MAIN                            
   INPUT                       30,    MAIN.8,    MAIN.216,    0.0007132689                              MAIN                            
   INPUT                       31,    MAIN.8,    MAIN.276,    0.0004476604                              MAIN                            
   INPUT                       32,    MAIN.8,    MAIN.281,    0.001065947                               MAIN                            
   INPUT                       33,    MAIN.9,    MAIN.18,    0.02989673                                 MAIN                            
   INPUT           C Contact - Face Contactor[MAIN][0]::EA4                                             MAIN                            
   INPUT                       34,    MAIN.9,    MAIN.360,    0.0001258201                              MAIN                            
   INPUT                       35,    MAIN.9,    MAIN.361,    0.0004936921                              MAIN                            
   INPUT                       36,    MAIN.9,    MAIN.382,    0.01615229                                MAIN                            
   INPUT                       37,    MAIN.9,    MAIN.386,    0.02048928                                MAIN                            
   INPUT                       38,    MAIN.10,    MAIN.11,    0.04097857                                MAIN                            
   INPUT                       39,    MAIN.10,    MAIN.13,    0.03230458                                MAIN                            
   INPUT                       40,    MAIN.10,    MAIN.19,    0.02989673                                MAIN                            
   INPUT           C Contact - Face Contactor[MAIN][0]::EA4                                             MAIN                            
   INPUT                       41,    MAIN.10,    MAIN.354,    4.002240E-05                             MAIN                            
   INPUT                       42,    MAIN.10,    MAIN.362,    0.0003553504                             MAIN                            
   INPUT                       43,    MAIN.10,    MAIN.367,    0.0003602016                             MAIN                            
   INPUT                       44,    MAIN.10,    MAIN.372,    0.02989673                               MAIN                            
   INPUT                       45,    MAIN.11,    MAIN.12,    0.04097857                                MAIN                            
   INPUT                       46,    MAIN.11,    MAIN.14,    0.06460917                                MAIN                            
   INPUT                       47,    MAIN.11,    MAIN.20,    0.05979345                                MAIN                            
   INPUT           C Contact - Face Contactor[MAIN][0]::EA4                                             MAIN                            
   INPUT                       48,    MAIN.11,    MAIN.362,    0.0002132102                             MAIN                            
   INPUT                       49,    MAIN.11,    MAIN.365,    0.0004974906                             MAIN                            
   INPUT                       50,    MAIN.11,    MAIN.374,    0.05979345                               MAIN                            
   INPUT                       51,    MAIN.12,    MAIN.15,    0.03230458                                MAIN                            
   INPUT                       52,    MAIN.12,    MAIN.21,    0.02989673                                MAIN                            
   INPUT           C Contact - Face Contactor[MAIN][0]::EA4                                             MAIN                            
   INPUT                       53,    MAIN.12,    MAIN.365,    0.0001066051                             MAIN                            
   INPUT                       54,    MAIN.12,    MAIN.366,    0.0002887677                             MAIN                            
   INPUT                       55,    MAIN.12,    MAIN.370,    0.0003602016                             MAIN                            
   INPUT                       56,    MAIN.12,    MAIN.376,    0.02989673                               MAIN                            
   INPUT                       57,    MAIN.13,    MAIN.14,    0.08195713                                MAIN                            
   INPUT                       58,    MAIN.13,    MAIN.16,    0.03230458                                MAIN                            
   INPUT                       59,    MAIN.13,    MAIN.22,    0.05979345                                MAIN                            
   INPUT           C Contact - Face Contactor[MAIN][0]::EA4                                             MAIN                            
   INPUT                       60,    MAIN.13,    MAIN.358,    8.004480E-05                             MAIN                            
   INPUT                       61,    MAIN.13,    MAIN.367,    0.0001600896                             MAIN                            
   INPUT                       62,    MAIN.13,    MAIN.371,    0.0005603136                             MAIN                            
   INPUT                       63,    MAIN.13,    MAIN.378,    0.05979345                               MAIN                            
   INPUT                       64,    MAIN.14,    MAIN.15,    0.08195713                                MAIN                            
   INPUT                       65,    MAIN.14,    MAIN.17,    0.06460917                                MAIN                            
   INPUT                       66,    MAIN.14,    MAIN.23,    0.1195869                                 MAIN                            
   INPUT                       67,    MAIN.14,    MAIN.380,    0.1195869                                MAIN                            
   INPUT                       68,    MAIN.15,    MAIN.18,    0.03230458                                MAIN                            
   INPUT                       69,    MAIN.15,    MAIN.24,    0.05979345                                MAIN                            
   INPUT           C Contact - Face Contactor[MAIN][0]::EA4                                             MAIN                            
   INPUT                       70,    MAIN.15,    MAIN.357,    0.0005603136                             MAIN                            
   INPUT                       71,    MAIN.15,    MAIN.361,    8.004480E-05                             MAIN                            
   INPUT                       72,    MAIN.15,    MAIN.370,    0.0001600896                             MAIN                            
   INPUT                       73,    MAIN.15,    MAIN.382,    0.05979345                               MAIN                            
   INPUT                       74,    MAIN.16,    MAIN.17,    0.04097857                                MAIN                            
   INPUT                       75,    MAIN.16,    MAIN.25,    0.02989673                                MAIN                            
   INPUT           C Contact - Face Contactor[MAIN][0]::EA4                                             MAIN                            
   INPUT                       76,    MAIN.16,    MAIN.358,    0.000400224                              MAIN                            
   INPUT                       77,    MAIN.16,    MAIN.359,    0.0003553504                             MAIN                            
   INPUT                       78,    MAIN.16,    MAIN.384,    0.02989673                               MAIN                            
   INPUT                       79,    MAIN.17,    MAIN.18,    0.04097857                                MAIN                            
   INPUT                       80,    MAIN.17,    MAIN.26,    0.05979345                                MAIN                            
   INPUT           C Contact - Face Contactor[MAIN][0]::EA4                                             MAIN                            
   INPUT                       81,    MAIN.17,    MAIN.359,    0.0002132102                             MAIN                            
   INPUT                       82,    MAIN.17,    MAIN.360,    0.0004974906                             MAIN                            
   INPUT                       83,    MAIN.17,    MAIN.386,    0.05979345                               MAIN                            
   INPUT                       84,    MAIN.18,    MAIN.27,    0.02989673                                MAIN                            
   INPUT           C Contact - Face Contactor[MAIN][0]::EA4                                             MAIN                            
   INPUT                       85,    MAIN.18,    MAIN.360,    0.0001066051                             MAIN                            
   INPUT                       86,    MAIN.18,    MAIN.361,    0.0006489693                             MAIN                            
   INPUT                       87,    MAIN.19,    MAIN.20,    0.02048928                                MAIN                            
   INPUT                       88,    MAIN.19,    MAIN.22,    0.01615229                                MAIN                            
   INPUT           C Contact - Face Contactor[MAIN][0]::EA4                                             MAIN                            
   INPUT                       89,    MAIN.19,    MAIN.354,    2.001120E-05                             MAIN                            
   INPUT                       90,    MAIN.19,    MAIN.362,    0.0002018477                             MAIN                            
   INPUT                       91,    MAIN.19,    MAIN.367,    0.0001801008                             MAIN                            
   INPUT                       92,    MAIN.19,    MAIN.368,    0.0002175525                             MAIN                            
   INPUT                       93,    MAIN.20,    MAIN.21,    0.02048928                                MAIN                            
   INPUT                       94,    MAIN.20,    MAIN.23,    0.03230458                                MAIN                            
   INPUT           C Contact - Face Contactor[MAIN][0]::EA4                                             MAIN                            
   INPUT                       95,    MAIN.20,    MAIN.362,    0.0001211086                             MAIN                            
   INPUT                       96,    MAIN.20,    MAIN.365,    0.0002825868                             MAIN                            
   INPUT                       97,    MAIN.20,    MAIN.368,    0.0001305315                             MAIN                            
   INPUT                       98,    MAIN.20,    MAIN.369,    0.0003045735                             MAIN                            
   INPUT                       99,    MAIN.21,    MAIN.24,    0.01615229                                MAIN                            
   INPUT           C Contact - Face Contactor[MAIN][0]::EA4                                             MAIN                            
   INPUT                       100,    MAIN.21,    MAIN.365,    6.055431E-05                            MAIN                            
   INPUT                       101,    MAIN.21,    MAIN.366,    0.0001613046                            MAIN                            
   INPUT                       102,    MAIN.21,    MAIN.369,    6.526575E-05                            MAIN                            
   INPUT                       103,    MAIN.21,    MAIN.370,    0.0003323876                            MAIN                            
   INPUT                       104,    MAIN.22,    MAIN.23,    0.04097857                               MAIN                            
   INPUT                       105,    MAIN.22,    MAIN.25,    0.01615229                               MAIN                            
   INPUT           C Contact - Face Contactor[MAIN][0]::EA4                                             MAIN                            
   INPUT                       106,    MAIN.22,    MAIN.355,    0.000338415                             MAIN                            
   INPUT                       107,    MAIN.22,    MAIN.358,    4.002240E-05                            MAIN                            
   INPUT                       108,    MAIN.22,    MAIN.359,    4.834500E-05                            MAIN                            
   INPUT                       109,    MAIN.22,    MAIN.367,    8.004480E-05                            MAIN                            
   INPUT                       110,    MAIN.22,    MAIN.368,    9.669000E-05                            MAIN                            
   INPUT                       111,    MAIN.22,    MAIN.371,    0.0002801568                            MAIN                            
   INPUT                       112,    MAIN.23,    MAIN.24,    0.04097857                               MAIN                            
   INPUT                       113,    MAIN.23,    MAIN.26,    0.03230458                               MAIN                            
   INPUT           C Contact - Face Contactor[MAIN][0]::EA4                                             MAIN                            
   INPUT                       114,    MAIN.23,    MAIN.355,    0.000203049                             MAIN                            
   INPUT                       115,    MAIN.23,    MAIN.356,    0.000473781                             MAIN                            
   INPUT                       116,    MAIN.23,    MAIN.359,    2.900700E-05                            MAIN                            
   INPUT                       117,    MAIN.23,    MAIN.360,    6.768300E-05                            MAIN                            
   INPUT                       118,    MAIN.23,    MAIN.368,    5.801400E-05                            MAIN                            
   INPUT                       119,    MAIN.23,    MAIN.369,    0.000135366                             MAIN                            
   INPUT                       120,    MAIN.24,    MAIN.27,    0.01615229                               MAIN                            
   INPUT           C Contact - Face Contactor[MAIN][0]::EA4                                             MAIN                            
   INPUT                       121,    MAIN.24,    MAIN.356,    0.0001015245                            MAIN                            
   INPUT                       122,    MAIN.24,    MAIN.357,    0.0005170473                            MAIN                            
   INPUT                       123,    MAIN.24,    MAIN.360,    1.450350E-05                            MAIN                            
   INPUT                       124,    MAIN.24,    MAIN.361,    7.386390E-05                            MAIN                            
   INPUT                       125,    MAIN.24,    MAIN.369,    2.900700E-05                            MAIN                            
   INPUT                       126,    MAIN.24,    MAIN.370,    0.0001477278                            MAIN                            
   INPUT                       127,    MAIN.25,    MAIN.26,    0.02048928                               MAIN                            
   INPUT           C Contact - Face Contactor[MAIN][0]::EA4                                             MAIN                            
   INPUT                       128,    MAIN.25,    MAIN.358,    0.000200112                             MAIN                            
   INPUT                       129,    MAIN.25,    MAIN.359,    0.0004194002                            MAIN                            
   INPUT                       130,    MAIN.26,    MAIN.27,    0.02048928                               MAIN                            
   INPUT           C Contact - Face Contactor[MAIN][0]::EA4                                             MAIN                            
   INPUT                       131,    MAIN.26,    MAIN.359,    0.0002516401                            MAIN                            
   INPUT                       132,    MAIN.26,    MAIN.360,    0.0005871603                            MAIN                            
   INPUT                       133,    MAIN.27,    MAIN.360,    0.0001258201                            MAIN                            
   INPUT                       134,    MAIN.27,    MAIN.361,    0.0004936921                            MAIN                            
   INPUT                       135,    MAIN.28,    MAIN.29,    0.2860989                                MAIN                            
   INPUT           C Contact - Edge Contactor-+X Face Edge Contactors[MAIN][0]::D5D                     MAIN                            
   INPUT                       136,    MAIN.28,    MAIN.87,    11.67429                                 MAIN                            
   INPUT                       137,    MAIN.28,    MAIN.302,    1.218504                                MAIN                            
   INPUT           C Contact - Face Contactor-+X Face +X Solar PCB Face Contactor[MAIN][0]::D5F         MAIN                            
   INPUT                       138,    MAIN.28,    MAIN.321,    0.00036348                              MAIN                            
   INPUT                       139,    MAIN.28,    MAIN.323,    6.058000E-05                            MAIN                            
   INPUT                       140,    MAIN.28,    MAIN.364,    0.2860989                               MAIN                            
   INPUT                       141,    MAIN.29,    MAIN.30,    0.2860989                                MAIN                            
   INPUT           C Contact - Edge Contactor-+X Face Edge Contactors[MAIN][0]::D5D                     MAIN                            
   INPUT                       142,    MAIN.29,    MAIN.112,    11.67429                                MAIN                            
   INPUT                       143,    MAIN.29,    MAIN.303,    1.218504                                MAIN                            
   INPUT           C Contact - Face Contactor-+X Face +X Solar PCB Face Contactor[MAIN][0]::D5F         MAIN                            
   INPUT                       144,    MAIN.29,    MAIN.323,    0.00036348                              MAIN                            
   INPUT                       145,    MAIN.30,    MAIN.31,    0.2860989                                MAIN                            
   INPUT           C Contact - Edge Contactor-+X Face Edge Contactors[MAIN][0]::D5D                     MAIN                            
   INPUT                       146,    MAIN.30,    MAIN.132,    11.67429                                MAIN                            
   INPUT                       147,    MAIN.30,    MAIN.304,    1.218504                                MAIN                            
   INPUT           C Contact - Face Contactor-+X Face +X Solar PCB Face Contactor[MAIN][0]::D5F         MAIN                            
   INPUT                       148,    MAIN.30,    MAIN.323,    0.00018174                              MAIN                            
   INPUT                       149,    MAIN.30,    MAIN.325,    0.00024232                              MAIN                            
   INPUT                       150,    MAIN.31,    MAIN.32,    0.2860989                                MAIN                            
   INPUT           C Contact - Edge Contactor-+X Face Edge Contactors[MAIN][0]::D5D                     MAIN                            
   INPUT                       151,    MAIN.31,    MAIN.152,    11.67429                                MAIN                            
   INPUT                       152,    MAIN.31,    MAIN.305,    1.218504                                MAIN                            
   INPUT           C Contact - Face Contactor-+X Face +X Solar PCB Face Contactor[MAIN][0]::D5F         MAIN                            
   INPUT                       153,    MAIN.31,    MAIN.325,    0.00036348                              MAIN                            
   INPUT           C Contact - Edge Contactor-+Z Face Edge Contactors[MAIN][0]::D5C                     MAIN                            
   INPUT                       154,    MAIN.32,    MAIN.86,    4.8                                      MAIN                            
   INPUT           C Contact - Edge Contactor-+X Face Edge Contactors[MAIN][0]::D5D                     MAIN                            
   INPUT                       155,    MAIN.32,    MAIN.177,    9.837143                                MAIN                            
   INPUT                       156,    MAIN.32,    MAIN.306,    0.6092518                               MAIN                            
   INPUT           C Contact - Edge Contactor--Z Face Edge Contactors[MAIN][1]::D5B                     MAIN                            
   INPUT                       157,    MAIN.49,    MAIN.50,    3.6                                      MAIN                            
   INPUT           C Contact - Edge Contactor--X Face Edge Contactors [MAIN][0]::D5E                    MAIN                            
   INPUT                       158,    MAIN.49,    MAIN.53,    9.837143                                 MAIN                            
   INPUT                       159,    MAIN.49,    MAIN.104,    0.6092518                               MAIN                            
   INPUT                       160,    MAIN.49,    MAIN.264,    0.2860989                               MAIN                            
   INPUT           C Contact - Edge Contactor--X Face Edge Contactors [MAIN][0]::D5E                    MAIN                            
   INPUT                       161,    MAIN.49,    MAIN.288,    8.                                      MAIN                            
   INPUT           C Contact - Edge Contactor--Z Face Edge Contactors[MAIN][1]::D5B                     MAIN                            
   INPUT                       162,    MAIN.50,    MAIN.53,    4.8                                      MAIN                            
   INPUT                       163,    MAIN.50,    MAIN.104,    1.8                                     MAIN                            
   INPUT                       164,    MAIN.50,    MAIN.105,    0.835                                   MAIN                            
   INPUT                       165,    MAIN.50,    MAIN.265,    0.835                                   MAIN                            
   INPUT           C Contact - Edge Contactor--Z Face Edge Contactors[MAIN][1]::D5B                     MAIN                            
   INPUT                       166,    MAIN.50,    MAIN.288,    1.8                                     MAIN                            
   INPUT                       167,    MAIN.50,    MAIN.354,    167.                                    MAIN                            
   INPUT           C Contact - Face Contactor--Z Face to -Z Patch Antenna[MAIN][0]::EC8                 MAIN                            
   INPUT           C Contact - Face Contactor--Z Patch Antenna to -Z Face[MAIN][0]::EC9                 MAIN                            
   INPUT                       168,    MAIN.50,    MAIN.383,    0.000713269                             MAIN                            
   INPUT           C Contact - Edge Contactor-+Z Face Edge Contactors[MAIN][0]::D5C                     MAIN                            
   INPUT                       169,    MAIN.51,    MAIN.88,    1.8                                      MAIN                            
   INPUT                       170,    MAIN.51,    MAIN.106,    0.835                                   MAIN                            
   INPUT           C Contact - Edge Contactor-+Z Face Edge Contactors[MAIN][0]::D5C                     MAIN                            
   INPUT                       171,    MAIN.51,    MAIN.154,    3.6                                     MAIN                            
   INPUT                       172,    MAIN.51,    MAIN.164,    1.8                                     MAIN                            
   INPUT                       173,    MAIN.51,    MAIN.266,    0.835                                   MAIN                            
   INPUT           C Contact - Edge Contactor-+Z Face Edge Contactors[MAIN][0]::D5C                     MAIN                            
   INPUT                       174,    MAIN.51,    MAIN.283,    4.8                                     MAIN                            
   INPUT           C Contact - Edge Contactor--X Face Edge Contactors [MAIN][0]::D5E                    MAIN                            
   INPUT                       175,    MAIN.52,    MAIN.93,    8.                                       MAIN                            
   INPUT                       176,    MAIN.52,    MAIN.107,    0.6092518                               MAIN                            
   INPUT           C Contact - Edge Contactor--X Face Edge Contactors [MAIN][0]::D5E                    MAIN                            
   INPUT                       177,    MAIN.52,    MAIN.138,    9.837143                                MAIN                            
   INPUT                       178,    MAIN.52,    MAIN.267,    0.2860989                               MAIN                            
   INPUT           C Contact - Edge Contactor--Z Face Edge Contactors[MAIN][1]::D5B                     MAIN                            
   INPUT                       179,    MAIN.52,    MAIN.326,    4.2                                     MAIN                            
   INPUT           C Contact - Face Contactor-+Z Face +Z Solar PCB Face Contactor[MAIN][1]::D61         MAIN                            
   INPUT                       -180,    MAIN.52,    MAIN.330,    0.00012116                             MAIN                            
   INPUT                       181,    MAIN.53,    MAIN.108,    0.2860989                               MAIN                            
   INPUT                       182,    MAIN.53,    MAIN.288,    0.6092518                               MAIN                            
   INPUT                       183,    MAIN.54,    MAIN.59,    1.218504                                 MAIN                            
   INPUT                       184,    MAIN.54,    MAIN.74,    0.5721977                                MAIN                            
   INPUT                       185,    MAIN.54,    MAIN.269,    0.5721977                               MAIN                            
   INPUT                       186,    MAIN.54,    MAIN.284,    1.218504                                MAIN                            
   INPUT                       187,    MAIN.55,    MAIN.60,    0.835                                    MAIN                            
   INPUT                       188,    MAIN.55,    MAIN.67,    0.835                                    MAIN                            
   INPUT                       189,    MAIN.55,    MAIN.270,    0.835                                   MAIN                            
   INPUT                       190,    MAIN.55,    MAIN.285,    0.835                                   MAIN                            
   INPUT           C Contact - Face Contactor--Z Face to -Z Patch Antenna[MAIN][0]::EC8                 MAIN                            
   INPUT           C Contact - Face Contactor--Z Patch Antenna to -Z Face[MAIN][0]::EC9                 MAIN                            
   INPUT                       191,    MAIN.55,    MAIN.377,    0.0007976078                            MAIN                            
   INPUT                       192,    MAIN.55,    MAIN.385,    0.0004476604                            MAIN                            
   INPUT                       193,    MAIN.56,    MAIN.61,    0.835                                    MAIN                            
   INPUT                       194,    MAIN.56,    MAIN.76,    0.835                                    MAIN                            
   INPUT                       195,    MAIN.56,    MAIN.271,    0.835                                   MAIN                            
   INPUT                       196,    MAIN.56,    MAIN.286,    0.835                                   MAIN                            
   INPUT                       197,    MAIN.57,    MAIN.62,    1.218504                                 MAIN                            
   INPUT                       198,    MAIN.57,    MAIN.77,    0.5721977                                MAIN                            
   INPUT                       199,    MAIN.57,    MAIN.272,    0.5721977                               MAIN                            
   INPUT                       200,    MAIN.57,    MAIN.287,    1.218504                                MAIN                            
   INPUT           C Contact - Face Contactor-+Z Face +Z Solar PCB Face Contactor[MAIN][1]::D61         MAIN                            
   INPUT                       -201,    MAIN.57,    MAIN.330,    0.00048464                             MAIN                            
   INPUT                       -202,    MAIN.57,    MAIN.341,    0.0009692799                           MAIN                            
   INPUT                       203,    MAIN.58,    MAIN.63,    0.5721977                                MAIN                            
   INPUT                       204,    MAIN.58,    MAIN.98,    1.218504                                 MAIN                            
   INPUT                       205,    MAIN.58,    MAIN.108,    1.218504                                MAIN                            
   INPUT                       206,    MAIN.58,    MAIN.288,    0.5721977                               MAIN                            
   INPUT                       207,    MAIN.59,    MAIN.64,    1.218504                                 MAIN                            
   INPUT                       208,    MAIN.59,    MAIN.79,    0.5721977                                MAIN                            
   INPUT                       209,    MAIN.59,    MAIN.274,    0.5721977                               MAIN                            
   INPUT                       210,    MAIN.60,    MAIN.65,    0.835                                    MAIN                            
   INPUT                       211,    MAIN.60,    MAIN.68,    0.835                                    MAIN                            
   INPUT                       212,    MAIN.60,    MAIN.275,    0.835                                   MAIN                            
   INPUT           C Contact - Face Contactor--Z Face to -Z Patch Antenna[MAIN][0]::EC8                 MAIN                            
   INPUT           C Contact - Face Contactor--Z Patch Antenna to -Z Face[MAIN][0]::EC9                 MAIN                            
   INPUT                       213,    MAIN.60,    MAIN.379,    0.0007976078                            MAIN                            
   INPUT                       214,    MAIN.60,    MAIN.387,    0.0004476604                            MAIN                            
   INPUT                       215,    MAIN.61,    MAIN.66,    0.835                                    MAIN                            
   INPUT                       216,    MAIN.61,    MAIN.81,    0.835                                    MAIN                            
   INPUT                       217,    MAIN.61,    MAIN.276,    0.835                                   MAIN                            
   INPUT                       218,    MAIN.62,    MAIN.82,    0.5721977                                MAIN                            
   INPUT                       219,    MAIN.62,    MAIN.277,    0.5721977                               MAIN                            
   INPUT                       220,    MAIN.62,    MAIN.327,    1.218504                                MAIN                            
   INPUT           C Contact - Face Contactor-+Z Face +Z Solar PCB Face Contactor[MAIN][1]::D61         MAIN                            
   INPUT                       -221,    MAIN.62,    MAIN.339,    0.00048464                             MAIN                            
   INPUT                       -222,    MAIN.62,    MAIN.343,    0.0009692799                           MAIN                            
   INPUT                       223,    MAIN.63,    MAIN.103,    1.218504                                MAIN                            
   INPUT                       224,    MAIN.63,    MAIN.163,    1.218504                                MAIN                            
   INPUT                       225,    MAIN.63,    MAIN.328,    0.5721977                               MAIN                            
   INPUT                       226,    MAIN.64,    MAIN.84,    0.2860989                                MAIN                            
   INPUT                       227,    MAIN.64,    MAIN.279,    0.2860989                               MAIN                            
   INPUT           C Contact - Edge Contactor-+X Face Edge Contactors[MAIN][0]::D5D                     MAIN                            
   INPUT                       228,    MAIN.64,    MAIN.308,    11.67429                                MAIN                            
   INPUT                       229,    MAIN.65,    MAIN.69,    0.835                                    MAIN                            
   INPUT                       230,    MAIN.65,    MAIN.280,    0.835                                   MAIN                            
   INPUT           C Contact - Edge Contactor--Z Face Edge Contactors[MAIN][1]::D5B                     MAIN                            
   INPUT                       231,    MAIN.65,    MAIN.298,    6.                                      MAIN                            
   INPUT           C Contact - Face Contactor--Z Face to -Z Patch Antenna[MAIN][0]::EC8                 MAIN                            
   INPUT           C Contact - Face Contactor--Z Patch Antenna to -Z Face[MAIN][0]::EC9                 MAIN                            
   INPUT                       232,    MAIN.65,    MAIN.387,    0.001065947                             MAIN                            
   INPUT                       233,    MAIN.66,    MAIN.86,    0.835                                    MAIN                            
   INPUT                       234,    MAIN.66,    MAIN.281,    0.835                                   MAIN                            
   INPUT           C Contact - Edge Contactor-+Z Face Edge Contactors[MAIN][0]::D5C                     MAIN                            
   INPUT                       235,    MAIN.66,    MAIN.306,    6.                                      MAIN                            
   INPUT                       236,    MAIN.67,    MAIN.68,    0.835                                    MAIN                            
   INPUT           C Contact - Edge Contactor--Z Face Edge Contactors[MAIN][1]::D5B                     MAIN                            
   INPUT                       237,    MAIN.67,    MAIN.107,    6.                                      MAIN                            
   INPUT                       238,    MAIN.67,    MAIN.326,    0.835                                   MAIN                            
   INPUT           C Contact - Face Contactor--Z Face to -Z Patch Antenna[MAIN][0]::EC8                 MAIN                            
   INPUT           C Contact - Face Contactor--Z Patch Antenna to -Z Face[MAIN][0]::EC9                 MAIN                            
   INPUT                       239,    MAIN.67,    MAIN.385,    0.001065947                             MAIN                            
   INPUT                       240,    MAIN.68,    MAIN.69,    0.835                                    MAIN                            
   INPUT           C Contact - Edge Contactor--Z Face Edge Contactors[MAIN][1]::D5B                     MAIN                            
   INPUT                       241,    MAIN.68,    MAIN.162,    6.                                      MAIN                            
   INPUT           C Contact - Face Contactor--Z Face to -Z Patch Antenna[MAIN][0]::EC8                 MAIN                            
   INPUT           C Contact - Face Contactor--Z Patch Antenna to -Z Face[MAIN][0]::EC9                 MAIN                            
   INPUT                       242,    MAIN.68,    MAIN.387,    0.001065947                             MAIN                            
   INPUT           C Contact - Edge Contactor--Z Face Edge Contactors[MAIN][1]::D5B                     MAIN                            
   INPUT                       243,    MAIN.69,    MAIN.162,    1.8                                     MAIN                            
   INPUT                       244,    MAIN.69,    MAIN.217,    4.2                                     MAIN                            
   INPUT                       245,    MAIN.69,    MAIN.298,    1.8                                     MAIN                            
   INPUT                       246,    MAIN.69,    MAIN.307,    4.2                                     MAIN                            
   INPUT                       247,    MAIN.69,    MAIN.361,    167.                                    MAIN                            
   INPUT           C Contact - Face Contactor--Z Face to -Z Patch Antenna[MAIN][0]::EC8                 MAIN                            
   INPUT           C Contact - Face Contactor--Z Patch Antenna to -Z Face[MAIN][0]::EC9                 MAIN                            
   INPUT                       248,    MAIN.69,    MAIN.387,    0.000713269                             MAIN                            
   INPUT                       249,    MAIN.71,    MAIN.76,    0.835                                    MAIN                            
   INPUT           C Contact - Edge Contactor-+Z Face Edge Contactors[MAIN][0]::D5C                     MAIN                            
   INPUT                       250,    MAIN.71,    MAIN.133,    1.8                                     MAIN                            
   INPUT                       251,    MAIN.71,    MAIN.157,    3.6                                     MAIN                            
   INPUT                       252,    MAIN.71,    MAIN.167,    1.8                                     MAIN                            
   INPUT                       253,    MAIN.71,    MAIN.178,    4.8                                     MAIN                            
   INPUT                       254,    MAIN.71,    MAIN.286,    0.835                                   MAIN                            
   INPUT                       255,    MAIN.72,    MAIN.77,    1.218504                                 MAIN                            
   INPUT                       256,    MAIN.72,    MAIN.92,    0.2860989                                MAIN                            
   INPUT           C Contact - Edge Contactor--X Face Edge Contactors [MAIN][0]::D5E                    MAIN                            
   INPUT                       257,    MAIN.72,    MAIN.153,    11.67429                                MAIN                            
   INPUT                       258,    MAIN.72,    MAIN.287,    0.2860989                               MAIN                            
   INPUT           C Contact - Face Contactor-+Z Face +Z Solar PCB Face Contactor[MAIN][1]::D61         MAIN                            
   INPUT                       -259,    MAIN.72,    MAIN.341,    0.00036348                             MAIN                            
   INPUT                       -260,    MAIN.72,    MAIN.345,    6.058000E-05                           MAIN                            
   INPUT                       261,    MAIN.73,    MAIN.78,    0.5721977                                MAIN                            
   INPUT                       262,    MAIN.73,    MAIN.118,    1.218504                                MAIN                            
   INPUT                       263,    MAIN.73,    MAIN.268,    1.218504                                MAIN                            
   INPUT                       264,    MAIN.73,    MAIN.328,    0.5721977                               MAIN                            
   INPUT                       265,    MAIN.74,    MAIN.79,    1.218504                                 MAIN                            
   INPUT                       266,    MAIN.74,    MAIN.94,    0.5721977                                MAIN                            
   INPUT                       267,    MAIN.74,    MAIN.329,    1.218504                                MAIN                            
   INPUT                       268,    MAIN.76,    MAIN.81,    0.835                                    MAIN                            
   INPUT           C Contact - Edge Contactor-+Z Face Edge Contactors[MAIN][0]::D5C                     MAIN                            
   INPUT                       269,    MAIN.76,    MAIN.167,    6.                                      MAIN                            
   INPUT                       270,    MAIN.77,    MAIN.82,    1.218504                                 MAIN                            
   INPUT                       271,    MAIN.77,    MAIN.97,    0.5721977                                MAIN                            
   INPUT           C Contact - Face Contactor-+Z Face +Z Solar PCB Face Contactor[MAIN][1]::D61         MAIN                            
   INPUT                       -272,    MAIN.77,    MAIN.341,    0.00145392                             MAIN                            
   INPUT                       -273,    MAIN.77,    MAIN.345,    0.00024232                             MAIN                            
   INPUT                       274,    MAIN.78,    MAIN.83,    0.5721977                                MAIN                            
   INPUT                       275,    MAIN.78,    MAIN.123,    1.218504                                MAIN                            
   INPUT                       276,    MAIN.78,    MAIN.273,    1.218504                                MAIN                            
   INPUT                       277,    MAIN.79,    MAIN.84,    1.218504                                 MAIN                            
   INPUT                       278,    MAIN.79,    MAIN.99,    0.5721977                                MAIN                            
   INPUT                       279,    MAIN.81,    MAIN.86,    0.835                                    MAIN                            
   INPUT           C Contact - Edge Contactor-+Z Face Edge Contactors[MAIN][0]::D5C                     MAIN                            
   INPUT                       280,    MAIN.81,    MAIN.172,    6.                                      MAIN                            
   INPUT                       281,    MAIN.82,    MAIN.87,    1.218504                                 MAIN                            
   INPUT                       282,    MAIN.82,    MAIN.102,    0.5721977                               MAIN                            
   INPUT           C Contact - Face Contactor-+Z Face +Z Solar PCB Face Contactor[MAIN][1]::D61         MAIN                            
   INPUT                       -283,    MAIN.82,    MAIN.343,    0.00145392                             MAIN                            
   INPUT                       -284,    MAIN.82,    MAIN.347,    0.00024232                             MAIN                            
   INPUT                       285,    MAIN.83,    MAIN.88,    0.5721977                                MAIN                            
   INPUT                       286,    MAIN.83,    MAIN.128,    1.218504                                MAIN                            
   INPUT                       287,    MAIN.83,    MAIN.278,    1.218504                                MAIN                            
   INPUT                       288,    MAIN.84,    MAIN.109,    0.2860989                               MAIN                            
   INPUT           C Contact - Edge Contactor-+X Face Edge Contactors[MAIN][0]::D5D                     MAIN                            
   INPUT                       289,    MAIN.84,    MAIN.309,    11.67429                                MAIN                            
   INPUT           C Contact - Edge Contactor-+Z Face Edge Contactors[MAIN][0]::D5C                     MAIN                            
   INPUT                       290,    MAIN.86,    MAIN.172,    1.8                                     MAIN                            
   INPUT                       291,    MAIN.86,    MAIN.177,    3.6                                     MAIN                            
   INPUT                       292,    MAIN.86,    MAIN.306,    1.8                                     MAIN                            
   INPUT                       293,    MAIN.87,    MAIN.112,    0.2860989                               MAIN                            
   INPUT                       294,    MAIN.87,    MAIN.327,    0.2860989                               MAIN                            
   INPUT           C Contact - Face Contactor-+Z Face +Z Solar PCB Face Contactor[MAIN][1]::D61         MAIN                            
   INPUT                       -295,    MAIN.87,    MAIN.343,    0.00036348                             MAIN                            
   INPUT                       -296,    MAIN.87,    MAIN.347,    6.058000E-05                           MAIN                            
   INPUT                       297,    MAIN.88,    MAIN.133,    0.6092518                               MAIN                            
   INPUT           C Contact - Edge Contactor--X Face Edge Contactors [MAIN][0]::D5E                    MAIN                            
   INPUT                       298,    MAIN.88,    MAIN.154,    8.                                      MAIN                            
   INPUT           C Contact - Edge Contactor-+Z Face Edge Contactors[MAIN][0]::D5C                     MAIN                            
   INPUT                       299,    MAIN.88,    MAIN.266,    6.                                      MAIN                            
   INPUT                       300,    MAIN.88,    MAIN.283,    0.6092518                               MAIN                            
   INPUT                       301,    MAIN.89,    MAIN.94,    1.218504                                 MAIN                            
   INPUT                       302,    MAIN.89,    MAIN.114,    0.2860989                               MAIN                            
   INPUT           C Contact - Edge Contactor--X Face Edge Contactors [MAIN][0]::D5E                    MAIN                            
   INPUT                       303,    MAIN.89,    MAIN.268,    11.67429                                MAIN                            
   INPUT                       304,    MAIN.89,    MAIN.329,    0.2860989                               MAIN                            
   INPUT                       305,    MAIN.92,    MAIN.97,    1.218504                                 MAIN                            
   INPUT                       306,    MAIN.92,    MAIN.117,    0.2860989                               MAIN                            
   INPUT           C Contact - Edge Contactor--X Face Edge Contactors [MAIN][0]::D5E                    MAIN                            
   INPUT                       307,    MAIN.92,    MAIN.158,    11.67429                                MAIN                            
   INPUT           C Contact - Face Contactor-+Z Face +Z Solar PCB Face Contactor[MAIN][1]::D61         MAIN                            
   INPUT                       -308,    MAIN.92,    MAIN.345,    0.00036348                             MAIN                            
   INPUT                       309,    MAIN.93,    MAIN.98,    0.5721977                                MAIN                            
   INPUT                       310,    MAIN.93,    MAIN.138,    0.6092518                               MAIN                            
   INPUT           C Contact - Edge Contactor--Z Face Edge Contactors[MAIN][1]::D5B                     MAIN                            
   INPUT                       311,    MAIN.93,    MAIN.285,    6.                                      MAIN                            
   INPUT                       312,    MAIN.93,    MAIN.288,    0.6092518                               MAIN                            
   INPUT           C Contact - Edge Contactor--Z Face Edge Contactors[MAIN][1]::D5B                     MAIN                            
   INPUT                       313,    MAIN.93,    MAIN.326,    1.8                                     MAIN                            
   INPUT                       314,    MAIN.94,    MAIN.99,    1.218504                                 MAIN                            
   INPUT                       315,    MAIN.94,    MAIN.119,    0.5721977                               MAIN                            
   INPUT                       316,    MAIN.97,    MAIN.102,    1.218504                                MAIN                            
   INPUT                       317,    MAIN.97,    MAIN.122,    0.5721977                               MAIN                            
   INPUT           C Contact - Face Contactor-+Z Face +Z Solar PCB Face Contactor[MAIN][1]::D61         MAIN                            
   INPUT                       -318,    MAIN.97,    MAIN.345,    0.00145392                             MAIN                            
   INPUT                       319,    MAIN.98,    MAIN.103,    0.5721977                               MAIN                            
   INPUT                       320,    MAIN.98,    MAIN.143,    1.218504                                MAIN                            
   INPUT                       321,    MAIN.99,    MAIN.109,    1.218504                                MAIN                            
   INPUT                       322,    MAIN.99,    MAIN.124,    0.5721977                               MAIN                            
   INPUT                       323,    MAIN.102,    MAIN.112,    1.218504                               MAIN                            
   INPUT                       324,    MAIN.102,    MAIN.127,    0.5721977                              MAIN                            
   INPUT           C Contact - Face Contactor-+Z Face +Z Solar PCB Face Contactor[MAIN][1]::D61         MAIN                            
   INPUT                       -325,    MAIN.102,    MAIN.347,    0.00145392                            MAIN                            
   INPUT                       326,    MAIN.103,    MAIN.113,    0.5721977                              MAIN                            
   INPUT                       327,    MAIN.103,    MAIN.148,    1.218504                               MAIN                            
   INPUT           C Contact - Edge Contactor--Z Face Edge Contactors[MAIN][1]::D5B                     MAIN                            
   INPUT                       328,    MAIN.104,    MAIN.105,    6.                                     MAIN                            
   INPUT                       329,    MAIN.104,    MAIN.159,    0.6092518                              MAIN                            
   INPUT                       330,    MAIN.104,    MAIN.269,    0.5721977                              MAIN                            
   INPUT                       331,    MAIN.105,    MAIN.160,    0.835                                  MAIN                            
   INPUT                       332,    MAIN.105,    MAIN.270,    0.835                                  MAIN                            
   INPUT           C Contact - Face Contactor--Z Face to -Z Patch Antenna[MAIN][0]::EC8                 MAIN                            
   INPUT           C Contact - Face Contactor--Z Patch Antenna to -Z Face[MAIN][0]::EC9                 MAIN                            
   INPUT                       333,    MAIN.105,    MAIN.383,    0.001065947                            MAIN                            
   INPUT                       334,    MAIN.106,    MAIN.161,    0.835                                  MAIN                            
   INPUT           C Contact - Edge Contactor-+Z Face Edge Contactors[MAIN][0]::D5C                     MAIN                            
   INPUT                       335,    MAIN.106,    MAIN.164,    6.                                     MAIN                            
   INPUT                       336,    MAIN.106,    MAIN.271,    0.835                                  MAIN                            
   INPUT                       337,    MAIN.107,    MAIN.162,    0.6092518                              MAIN                            
   INPUT                       338,    MAIN.107,    MAIN.272,    0.5721977                              MAIN                            
   INPUT           C Contact - Edge Contactor--Z Face Edge Contactors[MAIN][1]::D5B                     MAIN                            
   INPUT                       339,    MAIN.107,    MAIN.326,    1.8                                    MAIN                            
   INPUT           C Contact - Face Contactor-+Z Face +Z Solar PCB Face Contactor[MAIN][1]::D61         MAIN                            
   INPUT                       -340,    MAIN.107,    MAIN.330,    0.00048464                            MAIN                            
   INPUT                       341,    MAIN.108,    MAIN.163,    0.2860989                              MAIN                            
   INPUT           C Contact - Edge Contactor--X Face Edge Contactors [MAIN][0]::D5E                    MAIN                            
   INPUT                       342,    MAIN.108,    MAIN.264,    11.67429                               MAIN                            
   INPUT                       343,    MAIN.109,    MAIN.129,    0.2860989                              MAIN                            
   INPUT           C Contact - Edge Contactor-+X Face Edge Contactors[MAIN][0]::D5D                     MAIN                            
   INPUT                       344,    MAIN.109,    MAIN.310,    11.67429                               MAIN                            
   INPUT                       345,    MAIN.112,    MAIN.132,    0.2860989                              MAIN                            
   INPUT           C Contact - Face Contactor-+Z Face +Z Solar PCB Face Contactor[MAIN][1]::D61         MAIN                            
   INPUT                       -346,    MAIN.112,    MAIN.347,    0.00036348                            MAIN                            
   INPUT                       347,    MAIN.113,    MAIN.118,    0.5721977                              MAIN                            
   INPUT                       348,    MAIN.113,    MAIN.153,    1.218504                               MAIN                            
   INPUT                       349,    MAIN.113,    MAIN.328,    1.218504                               MAIN                            
   INPUT                       350,    MAIN.114,    MAIN.119,    1.218504                               MAIN                            
   INPUT                       351,    MAIN.114,    MAIN.134,    0.2860989                              MAIN                            
   INPUT           C Contact - Edge Contactor--X Face Edge Contactors [MAIN][0]::D5E                    MAIN                            
   INPUT                       352,    MAIN.114,    MAIN.273,    11.67429                               MAIN                            
   INPUT                       353,    MAIN.117,    MAIN.122,    1.218504                               MAIN                            
   INPUT                       354,    MAIN.117,    MAIN.137,    0.2860989                              MAIN                            
   INPUT           C Contact - Edge Contactor--X Face Edge Contactors [MAIN][0]::D5E                    MAIN                            
   INPUT                       355,    MAIN.117,    MAIN.168,    11.67429                               MAIN                            
   INPUT           C Contact - Face Contactor-+Z Face +Z Solar PCB Face Contactor[MAIN][1]::D61         MAIN                            
   INPUT                       -356,    MAIN.117,    MAIN.345,    0.00018174                            MAIN                            
   INPUT                       -357,    MAIN.117,    MAIN.349,    0.00024232                            MAIN                            
   INPUT                       358,    MAIN.118,    MAIN.123,    0.5721977                              MAIN                            
   INPUT                       359,    MAIN.118,    MAIN.158,    1.218504                               MAIN                            
   INPUT                       360,    MAIN.119,    MAIN.124,    1.218504                               MAIN                            
   INPUT                       361,    MAIN.119,    MAIN.139,    0.5721977                              MAIN                            
   INPUT                       362,    MAIN.122,    MAIN.127,    1.218504                               MAIN                            
   INPUT                       363,    MAIN.122,    MAIN.142,    0.5721977                              MAIN                            
   INPUT           C Contact - Face Contactor-+Z Face +Z Solar PCB Face Contactor[MAIN][1]::D61         MAIN                            
   INPUT                       -364,    MAIN.122,    MAIN.345,    0.00072696                            MAIN                            
   INPUT                       -365,    MAIN.122,    MAIN.349,    0.0009692799                          MAIN                            
   INPUT                       366,    MAIN.123,    MAIN.128,    0.5721977                              MAIN                            
   INPUT                       367,    MAIN.123,    MAIN.168,    1.218504                               MAIN                            
   INPUT                       368,    MAIN.124,    MAIN.129,    1.218504                               MAIN                            
   INPUT                       369,    MAIN.124,    MAIN.144,    0.5721977                              MAIN                            
   INPUT                       370,    MAIN.127,    MAIN.132,    1.218504                               MAIN                            
   INPUT                       371,    MAIN.127,    MAIN.147,    0.5721977                              MAIN                            
   INPUT           C Contact - Face Contactor-+Z Face +Z Solar PCB Face Contactor[MAIN][1]::D61         MAIN                            
   INPUT                       -372,    MAIN.127,    MAIN.347,    0.00072696                            MAIN                            
   INPUT                       -373,    MAIN.127,    MAIN.351,    0.0009692799                          MAIN                            
   INPUT                       374,    MAIN.128,    MAIN.133,    0.5721977                              MAIN                            
   INPUT                       375,    MAIN.128,    MAIN.173,    1.218504                               MAIN                            
   INPUT                       376,    MAIN.129,    MAIN.149,    0.2860989                              MAIN                            
   INPUT           C Contact - Edge Contactor-+X Face Edge Contactors[MAIN][0]::D5D                     MAIN                            
   INPUT                       377,    MAIN.129,    MAIN.311,    11.67429                               MAIN                            
   INPUT                       378,    MAIN.132,    MAIN.152,    0.2860989                              MAIN                            
   INPUT           C Contact - Face Contactor-+Z Face +Z Solar PCB Face Contactor[MAIN][1]::D61         MAIN                            
   INPUT                       -379,    MAIN.132,    MAIN.347,    0.00018174                            MAIN                            
   INPUT                       -380,    MAIN.132,    MAIN.351,    0.00024232                            MAIN                            
   INPUT           C Contact - Edge Contactor--X Face Edge Contactors [MAIN][0]::D5E                    MAIN                            
   INPUT                       381,    MAIN.133,    MAIN.157,    8.                                     MAIN                            
   INPUT                       382,    MAIN.133,    MAIN.178,    0.6092518                              MAIN                            
   INPUT           C Contact - Edge Contactor-+Z Face Edge Contactors[MAIN][0]::D5C                     MAIN                            
   INPUT                       383,    MAIN.133,    MAIN.286,    6.                                     MAIN                            
   INPUT                       384,    MAIN.134,    MAIN.139,    1.218504                               MAIN                            
   INPUT                       385,    MAIN.134,    MAIN.154,    0.2860989                              MAIN                            
   INPUT           C Contact - Edge Contactor--X Face Edge Contactors [MAIN][0]::D5E                    MAIN                            
   INPUT                       386,    MAIN.134,    MAIN.278,    11.67429                               MAIN                            
   INPUT                       387,    MAIN.137,    MAIN.142,    1.218504                               MAIN                            
   INPUT                       388,    MAIN.137,    MAIN.157,    0.2860989                              MAIN                            
   INPUT           C Contact - Edge Contactor--X Face Edge Contactors [MAIN][0]::D5E                    MAIN                            
   INPUT                       389,    MAIN.137,    MAIN.173,    11.67429                               MAIN                            
   INPUT           C Contact - Face Contactor-+Z Face +Z Solar PCB Face Contactor[MAIN][1]::D61         MAIN                            
   INPUT                       -390,    MAIN.137,    MAIN.349,    0.00036348                            MAIN                            
   INPUT                       391,    MAIN.138,    MAIN.143,    0.2860989                              MAIN                            
   INPUT           C Contact - Edge Contactor--Z Face Edge Contactors[MAIN][1]::D5B                     MAIN                            
   INPUT                       392,    MAIN.138,    MAIN.326,    4.2                                    MAIN                            
   INPUT                       393,    MAIN.139,    MAIN.144,    1.218504                               MAIN                            
   INPUT                       394,    MAIN.139,    MAIN.164,    0.5721977                              MAIN                            
   INPUT                       395,    MAIN.142,    MAIN.147,    1.218504                               MAIN                            
   INPUT                       396,    MAIN.142,    MAIN.167,    0.5721977                              MAIN                            
   INPUT           C Contact - Face Contactor-+Z Face +Z Solar PCB Face Contactor[MAIN][1]::D61         MAIN                            
   INPUT                       -397,    MAIN.142,    MAIN.349,    0.00145392                            MAIN                            
   INPUT                       398,    MAIN.143,    MAIN.148,    0.2860989                              MAIN                            
   INPUT           C Contact - Edge Contactor--X Face Edge Contactors [MAIN][0]::D5E                    MAIN                            
   INPUT                       399,    MAIN.143,    MAIN.267,    11.67429                               MAIN                            
   INPUT                       400,    MAIN.144,    MAIN.149,    1.218504                               MAIN                            
   INPUT                       401,    MAIN.144,    MAIN.169,    0.5721977                              MAIN                            
   INPUT                       402,    MAIN.147,    MAIN.152,    1.218504                               MAIN                            
   INPUT                       403,    MAIN.147,    MAIN.172,    0.5721977                              MAIN                            
   INPUT           C Contact - Face Contactor-+Z Face +Z Solar PCB Face Contactor[MAIN][1]::D61         MAIN                            
   INPUT                       -404,    MAIN.147,    MAIN.351,    0.00145392                            MAIN                            
   INPUT                       405,    MAIN.148,    MAIN.153,    0.2860989                              MAIN                            
   INPUT           C Contact - Edge Contactor--X Face Edge Contactors [MAIN][0]::D5E                    MAIN                            
   INPUT                       406,    MAIN.148,    MAIN.287,    11.67429                               MAIN                            
   INPUT                       407,    MAIN.149,    MAIN.174,    0.2860989                              MAIN                            
   INPUT           C Contact - Edge Contactor-+X Face Edge Contactors[MAIN][0]::D5D                     MAIN                            
   INPUT                       408,    MAIN.149,    MAIN.312,    11.67429                               MAIN                            
   INPUT                       409,    MAIN.152,    MAIN.177,    0.2860989                              MAIN                            
   INPUT           C Contact - Face Contactor-+Z Face +Z Solar PCB Face Contactor[MAIN][1]::D61         MAIN                            
   INPUT                       -410,    MAIN.152,    MAIN.351,    0.00036348                            MAIN                            
   INPUT                       411,    MAIN.153,    MAIN.158,    0.2860989                              MAIN                            
   INPUT                       412,    MAIN.154,    MAIN.164,    0.6092518                              MAIN                            
   INPUT           C Contact - Edge Contactor--X Face Edge Contactors [MAIN][0]::D5E                    MAIN                            
   INPUT                       413,    MAIN.154,    MAIN.283,    9.837143                               MAIN                            
   INPUT                       414,    MAIN.157,    MAIN.167,    0.6092518                              MAIN                            
   INPUT           C Contact - Edge Contactor--X Face Edge Contactors [MAIN][0]::D5E                    MAIN                            
   INPUT                       415,    MAIN.157,    MAIN.178,    9.837143                               MAIN                            
   INPUT                       416,    MAIN.158,    MAIN.168,    0.2860989                              MAIN                            
   INPUT           C Contact - Edge Contactor--Z Face Edge Contactors[MAIN][1]::D5B                     MAIN                            
   INPUT                       417,    MAIN.159,    MAIN.160,    6.                                     MAIN                            
   INPUT                       418,    MAIN.159,    MAIN.214,    0.6092518                              MAIN                            
   INPUT           C Contact - Edge Contactor--Z Face Edge Contactors[MAIN][1]::D5B                     MAIN                            
   INPUT                       419,    MAIN.159,    MAIN.215,    1.8                                    MAIN                            
   INPUT                       420,    MAIN.159,    MAIN.274,    0.5721977                              MAIN                            
   INPUT                       421,    MAIN.160,    MAIN.215,    0.835                                  MAIN                            
   INPUT                       422,    MAIN.160,    MAIN.275,    0.835                                  MAIN                            
   INPUT           C Contact - Face Contactor--Z Face to -Z Patch Antenna[MAIN][0]::EC8                 MAIN                            
   INPUT           C Contact - Face Contactor--Z Patch Antenna to -Z Face[MAIN][0]::EC9                 MAIN                            
   INPUT                       423,    MAIN.160,    MAIN.381,    0.001065947                            MAIN                            
   INPUT           C Contact - Edge Contactor-+Z Face Edge Contactors[MAIN][0]::D5C                     MAIN                            
   INPUT                       424,    MAIN.161,    MAIN.169,    6.                                     MAIN                            
   INPUT                       425,    MAIN.161,    MAIN.216,    0.835                                  MAIN                            
   INPUT                       426,    MAIN.161,    MAIN.276,    0.835                                  MAIN                            
   INPUT                       427,    MAIN.162,    MAIN.217,    0.6092518                              MAIN                            
   INPUT                       428,    MAIN.162,    MAIN.277,    0.5721977                              MAIN                            
   INPUT           C Contact - Face Contactor-+Z Face +Z Solar PCB Face Contactor[MAIN][1]::D61         MAIN                            
   INPUT                       -429,    MAIN.162,    MAIN.339,    0.00048464                            MAIN                            
   INPUT                       430,    MAIN.163,    MAIN.218,    0.2860989                              MAIN                            
   INPUT           C Contact - Edge Contactor--X Face Edge Contactors [MAIN][0]::D5E                    MAIN                            
   INPUT                       431,    MAIN.163,    MAIN.284,    11.67429                               MAIN                            
   INPUT                       432,    MAIN.164,    MAIN.169,    0.6092518                              MAIN                            
   INPUT                       433,    MAIN.167,    MAIN.172,    0.6092518                              MAIN                            
   INPUT                       434,    MAIN.168,    MAIN.173,    0.2860989                              MAIN                            
   INPUT                       435,    MAIN.169,    MAIN.174,    0.6092518                              MAIN                            
   INPUT           C Contact - Edge Contactor-+Z Face Edge Contactors[MAIN][0]::D5C                     MAIN                            
   INPUT                       436,    MAIN.169,    MAIN.216,    1.8                                    MAIN                            
   INPUT                       437,    MAIN.172,    MAIN.177,    0.6092518                              MAIN                            
   INPUT                       438,    MAIN.173,    MAIN.178,    0.2860989                              MAIN                            
   INPUT           C Contact - Edge Contactor-+Z Face Edge Contactors[MAIN][0]::D5C                     MAIN                            
   INPUT                       439,    MAIN.174,    MAIN.216,    4.8                                    MAIN                            
   INPUT           C Contact - Edge Contactor-+X Face Edge Contactors[MAIN][0]::D5D                     MAIN                            
   INPUT                       440,    MAIN.174,    MAIN.297,    8.                                     MAIN                            
   INPUT                       441,    MAIN.174,    MAIN.313,    9.837143                               MAIN                            
   INPUT                       442,    MAIN.177,    MAIN.306,    8.                                     MAIN                            
   INPUT           C Contact - Edge Contactor--Z Face Edge Contactors[MAIN][1]::D5B                     MAIN                            
   INPUT                       443,    MAIN.214,    MAIN.215,    4.2                                    MAIN                            
   INPUT                       444,    MAIN.214,    MAIN.279,    0.2860989                              MAIN                            
   INPUT           C Contact - Edge Contactor-+X Face Edge Contactors[MAIN][0]::D5D                     MAIN                            
   INPUT                       445,    MAIN.214,    MAIN.289,    9.837143                               MAIN                            
   INPUT                       446,    MAIN.214,    MAIN.314,    8.                                     MAIN                            
   INPUT                       447,    MAIN.215,    MAIN.280,    0.835                                  MAIN                            
   INPUT           C Contact - Edge Contactor--Z Face Edge Contactors[MAIN][1]::D5B                     MAIN                            
   INPUT                       448,    MAIN.215,    MAIN.289,    4.2                                    MAIN                            
   INPUT                       449,    MAIN.215,    MAIN.314,    1.8                                    MAIN                            
   INPUT                       450,    MAIN.215,    MAIN.366,    167.                                   MAIN                            
   INPUT           C Contact - Face Contactor--Z Face to -Z Patch Antenna[MAIN][0]::EC8                 MAIN                            
   INPUT           C Contact - Face Contactor--Z Patch Antenna to -Z Face[MAIN][0]::EC9                 MAIN                            
   INPUT                       451,    MAIN.215,    MAIN.381,    0.000713269                            MAIN                            
   INPUT                       452,    MAIN.216,    MAIN.281,    0.835                                  MAIN                            
   INPUT           C Contact - Edge Contactor-+Z Face Edge Contactors[MAIN][0]::D5C                     MAIN                            
   INPUT                       453,    MAIN.216,    MAIN.297,    1.8                                    MAIN                            
   INPUT                       454,    MAIN.216,    MAIN.313,    3.6                                    MAIN                            
   INPUT                       455,    MAIN.217,    MAIN.282,    0.2860989                              MAIN                            
   INPUT           C Contact - Edge Contactor-+X Face Edge Contactors[MAIN][0]::D5D                     MAIN                            
   INPUT                       456,    MAIN.217,    MAIN.298,    8.                                     MAIN                            
   INPUT                       457,    MAIN.217,    MAIN.307,    9.837143                               MAIN                            
   INPUT           C Contact - Face Contactor-+Z Face +Z Solar PCB Face Contactor[MAIN][1]::D61         MAIN                            
   INPUT                       -458,    MAIN.217,    MAIN.339,    0.00012116                            MAIN                            
   INPUT                       459,    MAIN.218,    MAIN.268,    0.2860989                              MAIN                            
   INPUT                       460,    MAIN.218,    MAIN.328,    1.218504                               MAIN                            
   INPUT           C Contact - Edge Contactor--X Face Edge Contactors [MAIN][0]::D5E                    MAIN                            
   INPUT                       461,    MAIN.218,    MAIN.329,    11.67429                               MAIN                            
   INPUT                       462,    MAIN.264,    MAIN.269,    1.218504                               MAIN                            
   INPUT                       463,    MAIN.264,    MAIN.284,    0.2860989                              MAIN                            
   INPUT                       464,    MAIN.265,    MAIN.270,    0.835                                  MAIN                            
   INPUT                       465,    MAIN.265,    MAIN.285,    0.835                                  MAIN                            
   INPUT           C Contact - Edge Contactor--Z Face Edge Contactors[MAIN][1]::D5B                     MAIN                            
   INPUT                       466,    MAIN.265,    MAIN.288,    6.                                     MAIN                            
   INPUT           C Contact - Face Contactor--Z Face to -Z Patch Antenna[MAIN][0]::EC8                 MAIN                            
   INPUT           C Contact - Face Contactor--Z Patch Antenna to -Z Face[MAIN][0]::EC9                 MAIN                            
   INPUT                       467,    MAIN.265,    MAIN.383,    0.001065947                            MAIN                            
   INPUT                       468,    MAIN.266,    MAIN.271,    0.835                                  MAIN                            
   INPUT                       469,    MAIN.266,    MAIN.286,    0.835                                  MAIN                            
   INPUT                       470,    MAIN.267,    MAIN.272,    1.218504                               MAIN                            
   INPUT                       471,    MAIN.267,    MAIN.287,    0.2860989                              MAIN                            
   INPUT           C Contact - Face Contactor-+Z Face +Z Solar PCB Face Contactor[MAIN][1]::D61         MAIN                            
   INPUT                       -472,    MAIN.267,    MAIN.330,    0.00036348                            MAIN                            
   INPUT                       473,    MAIN.268,    MAIN.273,    0.2860989                              MAIN                            
   INPUT                       474,    MAIN.269,    MAIN.274,    1.218504                               MAIN                            
   INPUT                       475,    MAIN.270,    MAIN.275,    0.835                                  MAIN                            
   INPUT           C Contact - Face Contactor--Z Face to -Z Patch Antenna[MAIN][0]::EC8                 MAIN                            
   INPUT           C Contact - Face Contactor--Z Patch Antenna to -Z Face[MAIN][0]::EC9                 MAIN                            
   INPUT                       476,    MAIN.270,    MAIN.375,    0.0007976078                           MAIN                            
   INPUT                       477,    MAIN.270,    MAIN.383,    0.0004476604                           MAIN                            
   INPUT                       478,    MAIN.271,    MAIN.276,    0.835                                  MAIN                            
   INPUT                       479,    MAIN.272,    MAIN.277,    1.218504                               MAIN                            
   INPUT           C Contact - Face Contactor-+Z Face +Z Solar PCB Face Contactor[MAIN][1]::D61         MAIN                            
   INPUT                       -480,    MAIN.272,    MAIN.330,    0.00145392                            MAIN                            
   INPUT                       481,    MAIN.273,    MAIN.278,    0.2860989                              MAIN                            
   INPUT                       482,    MAIN.274,    MAIN.279,    1.218504                               MAIN                            
   INPUT                       483,    MAIN.275,    MAIN.280,    0.835                                  MAIN                            
   INPUT           C Contact - Face Contactor--Z Face to -Z Patch Antenna[MAIN][0]::EC8                 MAIN                            
   INPUT           C Contact - Face Contactor--Z Patch Antenna to -Z Face[MAIN][0]::EC9                 MAIN                            
   INPUT                       484,    MAIN.275,    MAIN.373,    0.0007976078                           MAIN                            
   INPUT                       485,    MAIN.275,    MAIN.381,    0.0004476604                           MAIN                            
   INPUT                       486,    MAIN.276,    MAIN.281,    0.835                                  MAIN                            
   INPUT                       487,    MAIN.277,    MAIN.282,    1.218504                               MAIN                            
   INPUT           C Contact - Face Contactor-+Z Face +Z Solar PCB Face Contactor[MAIN][1]::D61         MAIN                            
   INPUT                       -488,    MAIN.277,    MAIN.339,    0.00145392                            MAIN                            
   INPUT                       489,    MAIN.278,    MAIN.283,    0.2860989                              MAIN                            
   INPUT           C Contact - Edge Contactor-+X Face Edge Contactors[MAIN][0]::D5D                     MAIN                            
   INPUT                       490,    MAIN.279,    MAIN.301,    11.67429                               MAIN                            
   INPUT           C Contact - Edge Contactor--Z Face Edge Contactors[MAIN][1]::D5B                     MAIN                            
   INPUT                       491,    MAIN.280,    MAIN.314,    6.                                     MAIN                            
   INPUT           C Contact - Face Contactor--Z Face to -Z Patch Antenna[MAIN][0]::EC8                 MAIN                            
   INPUT           C Contact - Face Contactor--Z Patch Antenna to -Z Face[MAIN][0]::EC9                 MAIN                            
   INPUT                       492,    MAIN.280,    MAIN.381,    0.001065947                            MAIN                            
   INPUT           C Contact - Edge Contactor-+Z Face Edge Contactors[MAIN][0]::D5C                     MAIN                            
   INPUT                       493,    MAIN.281,    MAIN.297,    6.                                     MAIN                            
   INPUT                       494,    MAIN.282,    MAIN.327,    0.2860989                              MAIN                            
   INPUT           C Contact - Face Contactor-+Z Face +Z Solar PCB Face Contactor[MAIN][1]::D61         MAIN                            
   INPUT                       -495,    MAIN.282,    MAIN.339,    0.00036348                            MAIN                            
   INPUT           C Contact - Edge Contactor-+X Face Edge Contactors[MAIN][0]::D5D                     MAIN                            
   INPUT                       496,    MAIN.282,    MAIN.363,    11.67429                               MAIN                            
   INPUT                       497,    MAIN.284,    MAIN.329,    0.2860989                              MAIN                            
   INPUT                       498,    MAIN.285,    MAIN.326,    0.835                                  MAIN                            
   INPUT           C Contact - Face Contactor--Z Face to -Z Patch Antenna[MAIN][0]::EC8                 MAIN                            
   INPUT           C Contact - Face Contactor--Z Patch Antenna to -Z Face[MAIN][0]::EC9                 MAIN                            
   INPUT                       499,    MAIN.285,    MAIN.385,    0.001065947                            MAIN                            
   INPUT           C Contact - Face Contactor-+Z Face +Z Solar PCB Face Contactor[MAIN][1]::D61         MAIN                            
   INPUT                       -500,    MAIN.287,    MAIN.330,    0.00012116                            MAIN                            
   INPUT                       -501,    MAIN.287,    MAIN.341,    0.00024232                            MAIN                            
   INPUT                       502,    MAIN.289,    MAIN.301,    0.2860989                              MAIN                            
   INPUT                       503,    MAIN.289,    MAIN.314,    0.6092518                              MAIN                            
   INPUT           C Contact - Face Contactor-+X Face +X Solar PCB Face Contactor[MAIN][0]::D5F         MAIN                            
   INPUT                       504,    MAIN.289,    MAIN.315,    0.00012116                             MAIN                            
   INPUT                       505,    MAIN.291,    MAIN.292,    0.5721977                              MAIN                            
   INPUT                       506,    MAIN.291,    MAIN.299,    1.218504                               MAIN                            
   INPUT                       507,    MAIN.291,    MAIN.301,    1.218504                               MAIN                            
   INPUT                       508,    MAIN.291,    MAIN.314,    0.5721977                              MAIN                            
   INPUT           C Contact - Face Contactor-+X Face +X Solar PCB Face Contactor[MAIN][0]::D5F         MAIN                            
   INPUT                       509,    MAIN.291,    MAIN.315,    0.00145392                             MAIN                            
   INPUT                       510,    MAIN.292,    MAIN.293,    0.5721977                              MAIN                            
   INPUT                       511,    MAIN.292,    MAIN.300,    1.218504                               MAIN                            
   INPUT                       512,    MAIN.292,    MAIN.308,    1.218504                               MAIN                            
   INPUT           C Contact - Face Contactor-+X Face +X Solar PCB Face Contactor[MAIN][0]::D5F         MAIN                            
   INPUT                       513,    MAIN.292,    MAIN.315,    0.00048464                             MAIN                            
   INPUT                       514,    MAIN.292,    MAIN.320,    0.0009692799                           MAIN                            
   INPUT                       515,    MAIN.293,    MAIN.294,    0.5721977                              MAIN                            
   INPUT                       516,    MAIN.293,    MAIN.302,    1.218504                               MAIN                            
   INPUT                       517,    MAIN.293,    MAIN.309,    1.218504                               MAIN                            
   INPUT           C Contact - Face Contactor-+X Face +X Solar PCB Face Contactor[MAIN][0]::D5F         MAIN                            
   INPUT                       518,    MAIN.293,    MAIN.320,    0.00145392                             MAIN                            
   INPUT                       519,    MAIN.293,    MAIN.322,    0.00024232                             MAIN                            
   INPUT                       520,    MAIN.294,    MAIN.295,    0.5721977                              MAIN                            
   INPUT                       521,    MAIN.294,    MAIN.303,    1.218504                               MAIN                            
   INPUT                       522,    MAIN.294,    MAIN.310,    1.218504                               MAIN                            
   INPUT           C Contact - Face Contactor-+X Face +X Solar PCB Face Contactor[MAIN][0]::D5F         MAIN                            
   INPUT                       523,    MAIN.294,    MAIN.322,    0.00145392                             MAIN                            
   INPUT                       524,    MAIN.295,    MAIN.296,    0.5721977                              MAIN                            
   INPUT                       525,    MAIN.295,    MAIN.304,    1.218504                               MAIN                            
   INPUT                       526,    MAIN.295,    MAIN.311,    1.218504                               MAIN                            
   INPUT           C Contact - Face Contactor-+X Face +X Solar PCB Face Contactor[MAIN][0]::D5F         MAIN                            
   INPUT                       527,    MAIN.295,    MAIN.322,    0.00072696                             MAIN                            
   INPUT                       528,    MAIN.295,    MAIN.324,    0.0009692799                           MAIN                            
   INPUT                       529,    MAIN.296,    MAIN.297,    0.5721977                              MAIN                            
   INPUT                       530,    MAIN.296,    MAIN.305,    1.218504                               MAIN                            
   INPUT                       531,    MAIN.296,    MAIN.312,    1.218504                               MAIN                            
   INPUT           C Contact - Face Contactor-+X Face +X Solar PCB Face Contactor[MAIN][0]::D5F         MAIN                            
   INPUT                       532,    MAIN.296,    MAIN.324,    0.00145392                             MAIN                            
   INPUT                       533,    MAIN.297,    MAIN.306,    0.6092518                              MAIN                            
   INPUT                       534,    MAIN.297,    MAIN.313,    0.6092518                              MAIN                            
   INPUT                       535,    MAIN.298,    MAIN.299,    0.5721977                              MAIN                            
   INPUT                       536,    MAIN.298,    MAIN.307,    0.6092518                              MAIN                            
   INPUT                       537,    MAIN.298,    MAIN.314,    0.6092518                              MAIN                            
   INPUT           C Contact - Face Contactor-+X Face +X Solar PCB Face Contactor[MAIN][0]::D5F         MAIN                            
   INPUT                       538,    MAIN.298,    MAIN.319,    0.00048464                             MAIN                            
   INPUT                       539,    MAIN.299,    MAIN.300,    0.5721977                              MAIN                            
   INPUT           C Contact - Face Contactor-+X Face +X Solar PCB Face Contactor[MAIN][0]::D5F         MAIN                            
   INPUT                       540,    MAIN.299,    MAIN.319,    0.00145392                             MAIN                            
   INPUT                       541,    MAIN.299,    MAIN.363,    1.218504                               MAIN                            
   INPUT                       542,    MAIN.300,    MAIN.302,    0.5721977                              MAIN                            
   INPUT           C Contact - Face Contactor-+X Face +X Solar PCB Face Contactor[MAIN][0]::D5F         MAIN                            
   INPUT                       543,    MAIN.300,    MAIN.319,    0.00048464                             MAIN                            
   INPUT                       544,    MAIN.300,    MAIN.321,    0.0009692799                           MAIN                            
   INPUT                       545,    MAIN.300,    MAIN.364,    1.218504                               MAIN                            
   INPUT                       546,    MAIN.301,    MAIN.308,    0.2860989                              MAIN                            
   INPUT           C Contact - Face Contactor-+X Face +X Solar PCB Face Contactor[MAIN][0]::D5F         MAIN                            
   INPUT                       547,    MAIN.301,    MAIN.315,    0.00036348                             MAIN                            
   INPUT                       548,    MAIN.302,    MAIN.303,    0.5721977                              MAIN                            
   INPUT           C Contact - Face Contactor-+X Face +X Solar PCB Face Contactor[MAIN][0]::D5F         MAIN                            
   INPUT                       549,    MAIN.302,    MAIN.321,    0.00145392                             MAIN                            
   INPUT                       550,    MAIN.302,    MAIN.323,    0.00024232                             MAIN                            
   INPUT                       551,    MAIN.303,    MAIN.304,    0.5721977                              MAIN                            
   INPUT           C Contact - Face Contactor-+X Face +X Solar PCB Face Contactor[MAIN][0]::D5F         MAIN                            
   INPUT                       552,    MAIN.303,    MAIN.323,    0.00145392                             MAIN                            
   INPUT                       553,    MAIN.304,    MAIN.305,    0.5721977                              MAIN                            
   INPUT           C Contact - Face Contactor-+X Face +X Solar PCB Face Contactor[MAIN][0]::D5F         MAIN                            
   INPUT                       554,    MAIN.304,    MAIN.323,    0.00072696                             MAIN                            
   INPUT                       555,    MAIN.304,    MAIN.325,    0.0009692799                           MAIN                            
   INPUT                       556,    MAIN.305,    MAIN.306,    0.5721977                              MAIN                            
   INPUT           C Contact - Face Contactor-+X Face +X Solar PCB Face Contactor[MAIN][0]::D5F         MAIN                            
   INPUT                       557,    MAIN.305,    MAIN.325,    0.00145392                             MAIN                            
   INPUT                       558,    MAIN.307,    MAIN.319,    0.00012116                             MAIN                            
   INPUT                       559,    MAIN.307,    MAIN.363,    0.2860989                              MAIN                            
   INPUT                       560,    MAIN.308,    MAIN.309,    0.2860989                              MAIN                            
   INPUT           C Contact - Face Contactor-+X Face +X Solar PCB Face Contactor[MAIN][0]::D5F         MAIN                            
   INPUT                       561,    MAIN.308,    MAIN.315,    0.00012116                             MAIN                            
   INPUT                       562,    MAIN.308,    MAIN.320,    0.00024232                             MAIN                            
   INPUT                       563,    MAIN.309,    MAIN.310,    0.2860989                              MAIN                            
   INPUT           C Contact - Face Contactor-+X Face +X Solar PCB Face Contactor[MAIN][0]::D5F         MAIN                            
   INPUT                       564,    MAIN.309,    MAIN.320,    0.00036348                             MAIN                            
   INPUT                       565,    MAIN.309,    MAIN.322,    6.058000E-05                           MAIN                            
   INPUT                       566,    MAIN.310,    MAIN.311,    0.2860989                              MAIN                            
   INPUT           C Contact - Face Contactor-+X Face +X Solar PCB Face Contactor[MAIN][0]::D5F         MAIN                            
   INPUT                       567,    MAIN.310,    MAIN.322,    0.00036348                             MAIN                            
   INPUT                       568,    MAIN.311,    MAIN.312,    0.2860989                              MAIN                            
   INPUT           C Contact - Face Contactor-+X Face +X Solar PCB Face Contactor[MAIN][0]::D5F         MAIN                            
   INPUT                       569,    MAIN.311,    MAIN.322,    0.00018174                             MAIN                            
   INPUT                       570,    MAIN.311,    MAIN.324,    0.00024232                             MAIN                            
   INPUT                       571,    MAIN.312,    MAIN.313,    0.2860989                              MAIN                            
   INPUT           C Contact - Face Contactor-+X Face +X Solar PCB Face Contactor[MAIN][0]::D5F         MAIN                            
   INPUT                       572,    MAIN.312,    MAIN.324,    0.00036348                             MAIN                            
   INPUT                       573,    MAIN.314,    MAIN.315,    0.00048464                             MAIN                            
   INPUT                       574,    MAIN.315,    MAIN.319,    0.001113158                            MAIN                            
   INPUT                       575,    MAIN.315,    MAIN.320,    0.0003105976                           MAIN                            
   INPUT                       576,    MAIN.319,    MAIN.321,    0.0003105976                           MAIN                            
   INPUT           C Contact - Face Contactor-+X Face +X Solar PCB Face Contactor[MAIN][0]::D5F         MAIN                            
   INPUT                       577,    MAIN.319,    MAIN.363,    0.00036348                             MAIN                            
   INPUT                       578,    MAIN.319,    MAIN.364,    0.00012116                             MAIN                            
   INPUT                       579,    MAIN.320,    MAIN.321,    0.001113158                            MAIN                            
   INPUT                       580,    MAIN.320,    MAIN.322,    0.0003105976                           MAIN                            
   INPUT                       581,    MAIN.321,    MAIN.323,    0.0003105976                           MAIN                            
   INPUT           C Contact - Face Contactor-+X Face +X Solar PCB Face Contactor[MAIN][0]::D5F         MAIN                            
   INPUT                       582,    MAIN.321,    MAIN.364,    0.00024232                             MAIN                            
   INPUT                       583,    MAIN.322,    MAIN.323,    0.001113158                            MAIN                            
   INPUT                       584,    MAIN.322,    MAIN.324,    0.0003105976                           MAIN                            
   INPUT                       585,    MAIN.323,    MAIN.325,    0.0003105976                           MAIN                            
   INPUT                       586,    MAIN.324,    MAIN.325,    0.001113158                            MAIN                            
   INPUT                       587,    MAIN.326,    MAIN.358,    167.                                   MAIN                            
   INPUT           C Contact - Face Contactor--Z Face to -Z Patch Antenna[MAIN][0]::EC8                 MAIN                            
   INPUT           C Contact - Face Contactor--Z Patch Antenna to -Z Face[MAIN][0]::EC9                 MAIN                            
   INPUT                       588,    MAIN.326,    MAIN.385,    0.000713269                            MAIN                            
   INPUT           C Contact - Face Contactor-+Z Face +Z Solar PCB Face Contactor[MAIN][1]::D61         MAIN                            
   INPUT                       -589,    MAIN.327,    MAIN.339,    0.00012116                            MAIN                            
   INPUT                       -590,    MAIN.327,    MAIN.343,    0.00024232                            MAIN                            
   INPUT           C Contact - Edge Contactor-+X Face Edge Contactors[MAIN][0]::D5D                     MAIN                            
   INPUT                       591,    MAIN.327,    MAIN.364,    11.67429                               MAIN                            
   INPUT                       592,    MAIN.330,    MAIN.339,    0.001113158                            MAIN                            
   INPUT                       593,    MAIN.330,    MAIN.341,    0.0003105976                           MAIN                            
   INPUT                       594,    MAIN.331,    MAIN.340,    0.000434046                            MAIN                            
   INPUT                       595,    MAIN.331,    MAIN.346,    0.0004908606                           MAIN                            
   INPUT                       596,    MAIN.331,    MAIN.354,    167.                                   MAIN                            
   INPUT                       597,    MAIN.332,    MAIN.333,    0.000434046                            MAIN                            
   INPUT                       598,    MAIN.332,    MAIN.336,    0.0004908606                           MAIN                            
   INPUT                       599,    MAIN.332,    MAIN.348,    0.0004908606                           MAIN                            
   INPUT                       600,    MAIN.332,    MAIN.353,    0.000434046                            MAIN                            
   INPUT                       601,    MAIN.333,    MAIN.334,    0.000434046                            MAIN                            
   INPUT                       602,    MAIN.333,    MAIN.337,    0.0004908606                           MAIN                            
   INPUT                       603,    MAIN.333,    MAIN.350,    0.0004908606                           MAIN                            
   INPUT                       604,    MAIN.334,    MAIN.338,    0.0004908606                           MAIN                            
   INPUT                       605,    MAIN.334,    MAIN.352,    0.0004908606                           MAIN                            
   INPUT                       606,    MAIN.335,    MAIN.336,    0.000434046                            MAIN                            
   INPUT                       607,    MAIN.335,    MAIN.353,    0.0004908606                           MAIN                            
   INPUT                       608,    MAIN.335,    MAIN.358,    167.                                   MAIN                            
   INPUT                       609,    MAIN.336,    MAIN.337,    0.000434046                            MAIN                            
   INPUT                       610,    MAIN.337,    MAIN.338,    0.000434046                            MAIN                            
   INPUT                       611,    MAIN.338,    MAIN.361,    167.                                   MAIN                            
   INPUT                       612,    MAIN.339,    MAIN.343,    0.0003105976                           MAIN                            
   INPUT                       613,    MAIN.340,    MAIN.342,    0.000434046                            MAIN                            
   INPUT                       614,    MAIN.340,    MAIN.348,    0.0004908606                           MAIN                            
   INPUT                       615,    MAIN.341,    MAIN.343,    0.001113158                            MAIN                            
   INPUT                       616,    MAIN.341,    MAIN.345,    0.0003105976                           MAIN                            
   INPUT                       617,    MAIN.342,    MAIN.344,    0.000434046                            MAIN                            
   INPUT                       618,    MAIN.342,    MAIN.350,    0.0004908606                           MAIN                            
   INPUT                       619,    MAIN.343,    MAIN.347,    0.0003105976                           MAIN                            
   INPUT                       620,    MAIN.344,    MAIN.352,    0.0004908606                           MAIN                            
   INPUT                       621,    MAIN.344,    MAIN.366,    167.                                   MAIN                            
   INPUT                       622,    MAIN.345,    MAIN.347,    0.001113158                            MAIN                            
   INPUT                       623,    MAIN.345,    MAIN.349,    0.0003105976                           MAIN                            
   INPUT                       624,    MAIN.346,    MAIN.348,    0.000434046                            MAIN                            
   INPUT                       625,    MAIN.346,    MAIN.353,    0.0004908606                           MAIN                            
   INPUT                       626,    MAIN.347,    MAIN.351,    0.0003105976                           MAIN                            
   INPUT                       627,    MAIN.348,    MAIN.350,    0.000434046                            MAIN                            
   INPUT                       628,    MAIN.349,    MAIN.351,    0.001113158                            MAIN                            
   INPUT                       629,    MAIN.350,    MAIN.352,    0.000434046                            MAIN                            
   INPUT                       630,    MAIN.354,    MAIN.362,    0.000434046                            MAIN                            
   INPUT                       631,    MAIN.354,    MAIN.367,    0.0004908606                           MAIN                            
   INPUT           C Contact - Face Contactor[MAIN][0]::EA4                                             MAIN                            
   INPUT                       632,    MAIN.354,    MAIN.372,    2.001120E-05                           MAIN                            
   INPUT                       633,    MAIN.355,    MAIN.356,    0.000434046                            MAIN                            
   INPUT                       634,    MAIN.355,    MAIN.359,    0.0004908606                           MAIN                            
   INPUT                       635,    MAIN.355,    MAIN.368,    0.0004908606                           MAIN                            
   INPUT                       636,    MAIN.355,    MAIN.371,    0.000434046                            MAIN                            
   INPUT           C Contact - Face Contactor[MAIN][0]::EA4                                             MAIN                            
   INPUT                       637,    MAIN.355,    MAIN.378,    0.000338415                            MAIN                            
   INPUT                       638,    MAIN.355,    MAIN.380,    0.000203049                            MAIN                            
   INPUT                       639,    MAIN.356,    MAIN.357,    0.000434046                            MAIN                            
   INPUT                       640,    MAIN.356,    MAIN.360,    0.0004908606                           MAIN                            
   INPUT                       641,    MAIN.356,    MAIN.369,    0.0004908606                           MAIN                            
   INPUT           C Contact - Face Contactor[MAIN][0]::EA4                                             MAIN                            
   INPUT                       642,    MAIN.356,    MAIN.380,    0.000473781                            MAIN                            
   INPUT                       643,    MAIN.356,    MAIN.382,    0.0001015245                           MAIN                            
   INPUT                       644,    MAIN.357,    MAIN.361,    0.0004908606                           MAIN                            
   INPUT                       645,    MAIN.357,    MAIN.370,    0.0004908606                           MAIN                            
   INPUT           C Contact - Face Contactor[MAIN][0]::EA4                                             MAIN                            
   INPUT                       646,    MAIN.357,    MAIN.382,    0.0005170473                           MAIN                            
   INPUT                       647,    MAIN.358,    MAIN.359,    0.000434046                            MAIN                            
   INPUT                       648,    MAIN.358,    MAIN.371,    0.0004908606                           MAIN                            
   INPUT           C Contact - Face Contactor[MAIN][0]::EA4                                             MAIN                            
   INPUT                       649,    MAIN.358,    MAIN.378,    4.002240E-05                           MAIN                            
   INPUT                       650,    MAIN.358,    MAIN.384,    0.000200112                            MAIN                            
   INPUT                       651,    MAIN.359,    MAIN.360,    0.000434046                            MAIN                            
   INPUT           C Contact - Face Contactor[MAIN][0]::EA4                                             MAIN                            
   INPUT                       652,    MAIN.359,    MAIN.378,    4.834500E-05                           MAIN                            
   INPUT                       653,    MAIN.359,    MAIN.380,    2.900700E-05                           MAIN                            
   INPUT                       654,    MAIN.359,    MAIN.384,    0.0004194002                           MAIN                            
   INPUT                       655,    MAIN.359,    MAIN.386,    0.0002516401                           MAIN                            
   INPUT                       656,    MAIN.360,    MAIN.361,    0.000434046                            MAIN                            
   INPUT           C Contact - Face Contactor[MAIN][0]::EA4                                             MAIN                            
   INPUT                       657,    MAIN.360,    MAIN.380,    6.768300E-05                           MAIN                            
   INPUT                       658,    MAIN.360,    MAIN.382,    1.450350E-05                           MAIN                            
   INPUT                       659,    MAIN.360,    MAIN.386,    0.0005871603                           MAIN                            
   INPUT                       660,    MAIN.361,    MAIN.382,    7.386390E-05                           MAIN                            
   INPUT                       661,    MAIN.362,    MAIN.365,    0.000434046                            MAIN                            
   INPUT                       662,    MAIN.362,    MAIN.368,    0.0004908606                           MAIN                            
   INPUT           C Contact - Face Contactor[MAIN][0]::EA4                                             MAIN                            
   INPUT                       663,    MAIN.362,    MAIN.372,    0.0002018477                           MAIN                            
   INPUT                       664,    MAIN.362,    MAIN.374,    0.0001211086                           MAIN                            
   INPUT                       665,    MAIN.363,    MAIN.364,    0.2860989                              MAIN                            
   INPUT                       666,    MAIN.365,    MAIN.366,    0.000434046                            MAIN                            
   INPUT                       667,    MAIN.365,    MAIN.369,    0.0004908606                           MAIN                            
   INPUT           C Contact - Face Contactor[MAIN][0]::EA4                                             MAIN                            
   INPUT                       668,    MAIN.365,    MAIN.374,    0.0002825868                           MAIN                            
   INPUT                       669,    MAIN.365,    MAIN.376,    6.055431E-05                           MAIN                            
   INPUT                       670,    MAIN.366,    MAIN.370,    0.0004908606                           MAIN                            
   INPUT           C Contact - Face Contactor[MAIN][0]::EA4                                             MAIN                            
   INPUT                       671,    MAIN.366,    MAIN.376,    0.0001613046                           MAIN                            
   INPUT                       672,    MAIN.367,    MAIN.368,    0.000434046                            MAIN                            
   INPUT                       673,    MAIN.367,    MAIN.371,    0.0004908606                           MAIN                            
   INPUT           C Contact - Face Contactor[MAIN][0]::EA4                                             MAIN                            
   INPUT                       674,    MAIN.367,    MAIN.372,    0.0001801008                           MAIN                            
   INPUT                       675,    MAIN.367,    MAIN.378,    8.004480E-05                           MAIN                            
   INPUT                       676,    MAIN.368,    MAIN.369,    0.000434046                            MAIN                            
   INPUT           C Contact - Face Contactor[MAIN][0]::EA4                                             MAIN                            
   INPUT                       677,    MAIN.368,    MAIN.372,    0.0002175525                           MAIN                            
   INPUT                       678,    MAIN.368,    MAIN.374,    0.0001305315                           MAIN                            
   INPUT                       679,    MAIN.368,    MAIN.378,    9.669000E-05                           MAIN                            
   INPUT                       680,    MAIN.368,    MAIN.380,    5.801400E-05                           MAIN                            
   INPUT                       681,    MAIN.369,    MAIN.370,    0.000434046                            MAIN                            
   INPUT           C Contact - Face Contactor[MAIN][0]::EA4                                             MAIN                            
   INPUT                       682,    MAIN.369,    MAIN.374,    0.0003045735                           MAIN                            
   INPUT                       683,    MAIN.369,    MAIN.376,    6.526575E-05                           MAIN                            
   INPUT                       684,    MAIN.369,    MAIN.380,    0.000135366                            MAIN                            
   INPUT                       685,    MAIN.369,    MAIN.382,    2.900700E-05                           MAIN                            
   INPUT                       686,    MAIN.370,    MAIN.376,    0.0003323876                           MAIN                            
   INPUT                       687,    MAIN.370,    MAIN.382,    0.0001477278                           MAIN                            
   INPUT                       688,    MAIN.371,    MAIN.378,    0.0002801568                           MAIN                            
   INPUT                       689,    MAIN.372,    MAIN.374,    0.02048928                             MAIN                            
   INPUT                       690,    MAIN.372,    MAIN.378,    0.01615229                             MAIN                            
   INPUT                       691,    MAIN.373,    MAIN.375,    0.6591561                              MAIN                            
   INPUT                       692,    MAIN.373,    MAIN.379,    0.6591561                              MAIN                            
   INPUT                       693,    MAIN.373,    MAIN.381,    0.7402077                              MAIN                            
   INPUT                       694,    MAIN.374,    MAIN.376,    0.02048928                             MAIN                            
   INPUT                       695,    MAIN.374,    MAIN.380,    0.03230458                             MAIN                            
   INPUT                       696,    MAIN.375,    MAIN.377,    0.6591561                              MAIN                            
   INPUT                       697,    MAIN.375,    MAIN.383,    0.7402077                              MAIN                            
   INPUT                       698,    MAIN.376,    MAIN.382,    0.01615229                             MAIN                            
   INPUT                       699,    MAIN.377,    MAIN.379,    0.6591561                              MAIN                            
   INPUT                       700,    MAIN.377,    MAIN.385,    0.7402077                              MAIN                            
   INPUT                       701,    MAIN.378,    MAIN.380,    0.04097857                             MAIN                            
   INPUT                       702,    MAIN.378,    MAIN.384,    0.01615229                             MAIN                            
   INPUT                       703,    MAIN.379,    MAIN.387,    0.7402077                              MAIN                            
   INPUT                       704,    MAIN.380,    MAIN.382,    0.04097857                             MAIN                            
   INPUT                       705,    MAIN.380,    MAIN.386,    0.03230458                             MAIN                            
   INPUT                       706,    MAIN.381,    MAIN.383,    0.2197187                              MAIN                            
   INPUT                       707,    MAIN.381,    MAIN.387,    0.2197187                              MAIN                            
   INPUT                       708,    MAIN.383,    MAIN.385,    0.2197187                              MAIN                            
   INPUT                       709,    MAIN.384,    MAIN.386,    0.02048928                             MAIN                            
   INPUT                       710,    MAIN.385,    MAIN.387,    0.2197187                              MAIN                            

                            SYSTEMS IMPROVED NUMERICAL DIFFERENCING ANALYZER WITH FLUID INTEGRATOR           PAGE     9

 MODEL = SINDA                                                                     3U.dwg - Basic
 VARIABLES DATA BLOCK

 CARD ORIGIN       12345678 1 2345678 2 2345678 3 2345678 4 2345678 5 2345678 6 2345678 7 2345678 8 CURRENT MODEL

   INPUT           HEADER VARIABLES0, MAIN                                                              MAIN                            
   INPUT           F     CALL TD_HEATLOAD1_MAIN()                                                       MAIN                            
   INPUT           HEADER VARIABLES0, C1A1                                                              C1A1                            
   INPUT           F     CALL LOADQ_C1A1_1771903413                                                     C1A1                            

                            SYSTEMS IMPROVED NUMERICAL DIFFERENCING ANALYZER WITH FLUID INTEGRATOR           PAGE    10

 MODEL = SINDA                                                                     3U.dwg - Basic
 OPERATIONS BLOCK

 CARD ORIGIN       12345678 1 2345678 2 2345678 3 2345678 4 2345678 5 2345678 6 2345678 7 2345678 8 CURRENT MODEL

   INPUT           HEADER OPERATIONS                                                                    GLOBAL                          
   INPUT                 CALL TDPREBL   $ PLACE BEFORE BUILD, CODE IN SUBROUTINE DATA                   GLOBAL                          
   INPUT           BUILD DEFAULT,MAIN,SPACE,C1A1,C1A0                                                   GLOBAL                          
   INPUT                 CALL TDPOSTBL   $ PLACE AFTER BUILD, CODE IN SUBROUTINE DATA                   GLOBAL                          
   INPUT                 CALL TDHTR $ HOLD HEATER TEMPS FOR STEADY STATE                                GLOBAL                          
   INPUT                 CALL STEADY                                                                    GLOBAL                          
   INPUT                 CALL TDREL $ RELEASE HEATERS FOR TRANSIENT                                     GLOBAL                          
   INPUT                 CALL TRANSIENT                                                                 GLOBAL                          
   INPUT                 CALL TDHTOT $ OUTPUT HEATER SUMMARY                                            GLOBAL                          
   INPUT                 CALL TDPOSTSL $ LOGIC IN SUBROUTINE DATA                                       GLOBAL                          

                            SYSTEMS IMPROVED NUMERICAL DIFFERENCING ANALYZER WITH FLUID INTEGRATOR           PAGE    11

 MODEL = SINDA                                                                     3U.dwg - Basic
 OUTPUT DATA BLOCK

 CARD ORIGIN       12345678 1 2345678 2 2345678 3 2345678 4 2345678 5 2345678 6 2345678 7 2345678 8 CURRENT MODEL

   INPUT           HEADER OUTPUT CALLS, GLOBAL                                                          GLOBAL                          
   INPUT                 CALL TPRINT('ALL')                                                             GLOBAL                          
   INPUT                 IF(NSOL  .GT.  1 ) THEN                                                        GLOBAL                          
   INPUT                     IF(TIMEN  .GE.  TIMEND) THEN                                               GLOBAL                          
   INPUT                         CALL SAVE('ALL',0)                                                     GLOBAL                          
   INPUT                     ELSE                                                                       GLOBAL                          
   INPUT                         CALL SAVE('TR',0)                                                      GLOBAL                          
   INPUT                     ENDIF                                                                      GLOBAL                          
   INPUT                 ELSE IF( LOOPCT  .GT.  0 ) THEN                                                GLOBAL                          
   INPUT                     CALL SAVE('ALL',0)                                                         GLOBAL                          
   INPUT                 ENDIF                                                                          GLOBAL                          
   INPUT           HEADER OUTPUT CALLS, GLOBAL_INIT                                                     GLOBAL_INIT                     
   INPUT           F      CALL THERMALTSM(UDCA(TD_THERMAL_TIME_STEP)%CA)                                GLOBAL_INIT                     

                            SYSTEMS IMPROVED NUMERICAL DIFFERENCING ANALYZER WITH FLUID INTEGRATOR           PAGE    12

 MODEL = SINDA                                                                     3U.dwg - Basic
 SUBROUTINE DATA BLOCK

 CARD ORIGIN       12345678 1 2345678 2 2345678 3 2345678 4 2345678 5 2345678 6 2345678 7 2345678 8 CURRENT MODEL

   INPUT           HEADER SUBROUTINES                                                                   GLOBAL                          
   INPUT                 SUBROUTINE TDHTR                                                               GLOBAL                          
   INPUT                 RETURN                                                                         GLOBAL                          
   INPUT                 END                                                                            GLOBAL                          
   INPUT                 SUBROUTINE TDREL                                                               GLOBAL                          
   INPUT           F     RETURN                                                                         GLOBAL                          
   INPUT           F     END                                                                            GLOBAL                          
   INPUT           F     SUBROUTINE TDHTOT                                                              GLOBAL                          
   INPUT           F     RETURN                                                                         GLOBAL                          
   INPUT           F     END                                                                            GLOBAL                          
   INPUT           F     SUBROUTINE TDHTRST                                                             GLOBAL                          
   INPUT           F     RETURN                                                                         GLOBAL                          
   INPUT           F     END                                                                            GLOBAL                          
   INPUT           F     SUBROUTINE TDPREBL                                                             GLOBAL                          
   INPUT                 CALL COMMON                                                                    GLOBAL                          
   INPUT           F     RETURN                                                                         GLOBAL                          
   INPUT           F     END                                                                            GLOBAL                          
   INPUT           F     SUBROUTINE TDPOSTBL                                                            GLOBAL                          
   INPUT                 CALL COMMON                                                                    GLOBAL                          
   INPUT           F     RETURN                                                                         GLOBAL                          
   INPUT           F     END                                                                            GLOBAL                          
   INPUT           F     SUBROUTINE TDPOSTSL                                                            GLOBAL                          
   INPUT                 CALL COMMON                                                                    GLOBAL                          
   INPUT           F     RETURN                                                                         GLOBAL                          
   INPUT           F     END                                                                            GLOBAL                          
   INPUT           F     SUBROUTINE UDAINIT                                                             GLOBAL                          
   INPUT           F     USE RCONV_MOD                                                                  GLOBAL                          
   INPUT                 CALL COMMON                                                                    GLOBAL                          
   INPUT           F     ACCELCON = 1.000000                                                            GLOBAL                          
   INPUT           F     CALL SINDA_OMP_THREADS(8)                                                      GLOBAL                          
   INPUT           F      TD_THERMAL_TIME_STEP = ALLOCUAC('TD_THERMAL_TIME_STEP',1,'',132)              GLOBAL                          
   INPUT                  UDCA(TD_THERMAL_TIME_STEP)%CA = '                                             GLOBAL                          
   INPUT           F    .'                                                                              GLOBAL                          
   INPUT           F     RETURN                                                                         GLOBAL                          
   INPUT           F     END                                                                            GLOBAL                          
   INPUT           F     SUBROUTINE BASEPLOT                                                            GLOBAL                          
   INPUT                 CALL COMMON                                                                    GLOBAL                          
   INPUT           F     RETURN                                                                         GLOBAL                          
   INPUT           F     END                                                                            GLOBAL                          
   INPUT           F     SUBROUTINE TD_HEATLOAD1_MAIN()                                                 GLOBAL                          
   INPUT                 CALL COMMON                                                                    GLOBAL                          
   INPUT           F     INTEGER NODE_IDS(27),node_ptr(27),DO_INIT                                      GLOBAL                          
   INPUT           F     REAL HEATLOADS(27)                                                             GLOBAL                          
   INPUT           F     SAVE NODE_PTR, DO_INIT                                                         GLOBAL                          
   INPUT           F       DATA DO_INIT/0/                                                              GLOBAL                          
   INPUT           FSTART                                                                               GLOBAL                          
   INPUT                 DATA (NODE_IDS(J__TD), J__TD=1,27) /                                           GLOBAL                          
   INPUT                +9,10,11,12,13,14,15,16,17,18,19,20,21,22,23,24,25,26,27,372,374,376,378,38     GLOBAL                          
   INPUT                +/                                                                              GLOBAL                          
   INPUT                 DATA (HEATLOADS(J__TD), J__TD=1,27) /                                          GLOBAL                          
   INPUT                +0.015625,0.03125,0.0625,0.03125,0.0625,0.125,0.0625,                           GLOBAL                          
   INPUT                +0.03125,0.0625,0.03125,0.015625,0.03125,0.015625,0.03125,                      GLOBAL                          
   INPUT                +0.0625,0.03125,0.015625,0.03125,0.015625,0.015625,0.03125,                     GLOBAL                          
   INPUT                +0.015625,0.03125,0.0625,0.03125,0.015625,0.03125                               GLOBAL                          
   INPUT                +/                                                                              GLOBAL                          
   INPUT           FSTOP                                                                                GLOBAL                          
   INPUT           F       IF(DO_INIT  .EQ. 0)THEN                                                      GLOBAL                          
   INPUT           F         DO_INIT= 1                                                                 GLOBAL                          
   INPUT           F         DO K__TD=1,27                                                              GLOBAL                          
   INPUT           F           NODE_PTR(K__TD) = INTNOD('MAIN',NODE_IDS(K__TD))                         GLOBAL                          
   INPUT           F         ENDDO                                                                      GLOBAL                          
   INPUT           F        ENDIF                                                                       GLOBAL                          
   INPUT           F        DO K__TD=1,27                                                               GLOBAL                          
   INPUT           F          Q(NODE_PTR(K__TD)) = Q(NODE_PTR(K__TD)) + HEATLOADS(K__TD)                GLOBAL                          
   INPUT           F        ENDDO                                                                       GLOBAL                          
   INPUT           F     END                                                                            GLOBAL                          
   INPUT           C INSERT C1A0.k_in                                                                   GLOBAL                          
   INPUT           CINSERT C1A0.k_in                                                                    GLOBAL                          
   INPUT           C INSERT C1A1.hra                                                                    GLOBAL                          
   INPUT           F     RECURSIVE SUBROUTINE LOADQ_C1A1_1771903413                                     GLOBAL                          
   INPUT           F     USE BINARY_READER_MOD                                                          GLOBAL                          
   INPUT                 CALL COMMON                                                                    GLOBAL                          
   INPUT           F     INTEGER NVAR__TD                                                               GLOBAL                          
   INPUT           F     REAL, ALLOCATABLE ::  DATA__TD(:)                                              GLOBAL                          
   INPUT           F     DATA NVAR__TD /-1/                                                             GLOBAL                          
   INPUT           F     SAVE NVAR__TD, DATA__TD                                                        GLOBAL                          
   INPUT           F     IF( NVAR__TD  .LT.  0 ) THEN                                                   GLOBAL                          
   INPUT           F         ALLOCATE (DATA__TD(5771))                                                  GLOBAL                          
   INPUT           F         CALL LOAD_BINARY_SINGLET_ARRAYS(                                           GLOBAL                          
   INPUT           F    +        'C1A1.hra_bin'                                                         GLOBAL                          
   INPUT           F    +    , DATA__TD)                                                                GLOBAL                          
   INPUT           F         NVAR__TD = 1                                                               GLOBAL                          
   INPUT           F     ENDIF                                                                          GLOBAL                          
   INPUT           F     DATA__TD(1 + 753 + 1) =                                                        GLOBAL                          
   INPUT                +     C1A1.A(5+1)                                                               GLOBAL                          
   INPUT           F     CALL LOADQ('C1A1',1,16,                                                        GLOBAL                          
   INPUT           F    +    DATA__TD(1+251),                                                           GLOBAL                          
   INPUT           F    +    DATA__TD(1+502),                                                           GLOBAL                          
   INPUT           F    +    DATA__TD(1),                                                               GLOBAL                          
   INPUT           F    +    DATA__TD(1+753),                                                           GLOBAL                          
   INPUT                +    C1A1.A4)                                                                   GLOBAL                          
   INPUT           F     RETURN                                                                         GLOBAL                          
   INPUT           F     END                                                                            GLOBAL                          
